date,id,label,method,method_label,source,saved_at_et,rank,ticker,name,group,status,currency,price,price_usd,price_cad,price_date,price_now,price_now_usd,price_now_date,chg_since_pct,rank_now,group_now,in_top_now,new_in_top
2026-10-07,2026-10-07,Oct 7,v5,"New rules: upside ÷ risk, small caps first",pipeline,2026-10-07 12:33,1,LWLG,Lightwave Logic,main,confirmed,USD,5.3286,5.3286,7.5973,2026-10-07,5.3286,5.3286,2026-10-07,0.0,1,main,True,
2026-10-07,2026-10-07,Oct 7,v5,"New rules: upside ÷ risk, small caps first",pipeline,2026-10-07 12:33,2,STLA,Stellantis,main,confirmed,USD,4.625,4.625,6.5941,2026-10-07,4.625,4.625,2026-10-07,0.0,2,main,True,
2026-10-07,2026-10-07,Oct 7,v5,"New rules: upside ÷ risk, small caps first",pipeline,2026-10-07 12:33,3,FN,Fabrinet,main,confirmed,USD,486.75,486.75,693.9887,2026-10-07,486.75,486.75,2026-10-07,0.0,3,main,True,
2026-10-07,2026-10-07,Oct 7,v5,"New rules: upside ÷ risk, small caps first",pipeline,2026-10-07 12:33,4,CCJ,Cameco,main,confirmed,USD,89.335,89.335,127.3703,2026-10-07,89.335,89.335,2026-10-07,0.0,4,main,True,
2026-10-07,2026-10-07,Oct 7,v5,"New rules: upside ÷ risk, small caps first",pipeline,2026-10-07 12:33,5,IQE.L,IQE plc,main,confirmed,GBp,54.2,0.7161,1.021,2026-10-07,54.2,0.7161,2026-10-07,0.0,5,main,True,True
2026-10-07,2026-10-07,Oct 7,v5,"New rules: upside ÷ risk, small caps first",pipeline,2026-10-07 12:33,6,VST,Vistra,main,confirmed,USD,164.66,164.66,234.7656,2026-10-07,164.66,164.66,2026-10-07,0.0,6,main,True,
2026-10-07,2026-10-07,Oct 7,v5,"New rules: upside ÷ risk, small caps first",pipeline,2026-10-07 12:33,7,AXTI,AXT Inc,main,confirmed,USD,81.045,81.045,115.5507,2026-10-07,81.045,81.045,2026-10-07,0.0,7,main,True,
2026-10-07,2026-10-07,Oct 7,v5,"New rules: upside ÷ risk, small caps first",pipeline,2026-10-07 12:33,8,AAOI,Applied Optoelectronics,main,confirmed,USD,120.955,120.955,172.4528,2026-10-07,120.955,120.955,2026-10-07,0.0,8,main,True,
2026-10-07,2026-10-07,Oct 7,v5,"New rules: upside ÷ risk, small caps first",pipeline,2026-10-07 12:33,9,CEG,Constellation Energy,main,confirmed,USD,295.52,295.52,421.3406,2026-10-07,295.52,295.52,2026-10-07,0.0,9,main,True,True
2026-10-07,2026-10-07,Oct 7,v5,"New rules: upside ÷ risk, small caps first",pipeline,2026-10-07 12:33,10,CRDO,Credo Technology,main,confirmed,USD,213.84,213.84,304.8845,2026-10-07,213.84,213.84,2026-10-07,0.0,10,main,True,True
2026-10-07,2026-10-07,Oct 7,v5,"New rules: upside ÷ risk, small caps first",pipeline,2026-10-07 12:33,11,COHR,Coherent,main,confirmed,USD,324.9,324.9,463.2294,2026-10-07,324.9,324.9,2026-10-07,0.0,11,main,,
2026-10-07,2026-10-07,Oct 7,v5,"New rules: upside ÷ risk, small caps first",pipeline,2026-10-07 12:33,12,TSEM,Tower Semiconductor,main,confirmed,USD,245.325,245.325,349.7746,2026-10-07,245.325,245.325,2026-10-07,0.0,12,main,,
2026-10-07,2026-10-07,Oct 7,v5,"New rules: upside ÷ risk, small caps first",pipeline,2026-10-07 12:33,13,LITE,Lumentum,main,confirmed,USD,1101.595,1101.595,1570.6101,2026-10-07,1101.595,1101.595,2026-10-07,0.0,13,main,,
2026-10-07,2026-10-07,Oct 7,v5,"New rules: upside ÷ risk, small caps first",pipeline,2026-10-07 12:33,14,BE,Bloom Energy,main,confirmed,USD,287.44,287.44,409.8205,2026-10-07,287.44,287.44,2026-10-07,0.0,14,main,,
2026-10-07,2026-10-07,Oct 7,v5,"New rules: upside ÷ risk, small caps first",pipeline,2026-10-07 12:33,15,SIVE.ST,Sivers Semiconductors,main,waiting,SEK,34.28,3.4175,4.8725,2026-10-07,34.28,3.4175,2026-10-07,0.0,15,main,,
2026-10-07,2026-10-07,Oct 7,v5,"New rules: upside ÷ risk, small caps first",pipeline,2026-10-07 12:33,16,CRML,Critical Metals Corp,main,waiting,USD,7.145,7.145,10.1871,2026-10-07,7.145,7.145,2026-10-07,0.0,16,main,,
2026-10-07,2026-10-07,Oct 7,v5,"New rules: upside ÷ risk, small caps first",pipeline,2026-10-07 12:33,17,AMPX,Amprius Technologies,main,waiting,USD,8.95,8.95,12.7606,2026-10-07,8.95,8.95,2026-10-07,0.0,17,main,,
2026-10-07,2026-10-07,Oct 7,v5,"New rules: upside ÷ risk, small caps first",pipeline,2026-10-07 12:33,18,NNE,NANO Nuclear Energy,main,waiting,USD,15.79,15.79,22.5128,2026-10-07,15.79,15.79,2026-10-07,0.0,18,main,,
2026-10-07,2026-10-07,Oct 7,v5,"New rules: upside ÷ risk, small caps first",pipeline,2026-10-07 12:33,19,UAMY,United States Antimony,main,waiting,USD,3.825,3.825,5.4535,2026-10-07,3.825,3.825,2026-10-07,0.0,19,main,,
2026-10-07,2026-10-07,Oct 7,v5,"New rules: upside ÷ risk, small caps first",pipeline,2026-10-07 12:33,20,TMQ,Trilogy Metals,main,waiting,USD,2.86,2.86,4.0777,2026-10-07,2.86,2.86,2026-10-07,0.0,20,main,,
2026-10-07,2026-10-07,Oct 7,v5,"New rules: upside ÷ risk, small caps first",pipeline,2026-10-07 12:33,21,ASPI,ASP Isotopes,main,waiting,USD,2.735,2.735,3.8995,2026-10-07,2.735,2.735,2026-10-07,0.0,21,main,,
2026-10-07,2026-10-07,Oct 7,v5,"New rules: upside ÷ risk, small caps first",pipeline,2026-10-07 12:33,22,OLN,Olin Corporation,main,waiting,USD,15.8604,15.8604,22.6131,2026-10-07,15.8604,15.8604,2026-10-07,0.0,22,main,,
2026-10-07,2026-10-07,Oct 7,v5,"New rules: upside ÷ risk, small caps first",pipeline,2026-10-07 12:33,23,RCAT,Red Cat Holdings,main,waiting,USD,6.01,6.01,8.5688,2026-10-07,6.01,6.01,2026-10-07,0.0,23,main,,
2026-10-07,2026-10-07,Oct 7,v5,"New rules: upside ÷ risk, small caps first",pipeline,2026-10-07 12:33,24,LAC,Lithium Americas,main,waiting,USD,2.41,2.41,3.4361,2026-10-07,2.41,2.41,2026-10-07,0.0,24,main,,
2026-10-07,2026-10-07,Oct 7,v5,"New rules: upside ÷ risk, small caps first",pipeline,2026-10-07 12:33,25,POET,POET Technologies,main,waiting,USD,7.34,7.34,10.4651,2026-10-07,7.34,7.34,2026-10-07,0.0,25,main,,
2026-10-07,2026-10-07,Oct 7,v5,"New rules: upside ÷ risk, small caps first",pipeline,2026-10-07 12:33,26,NVTS,Navitas Semiconductor,main,waiting,USD,11.165,11.165,15.9186,2026-10-07,11.165,11.165,2026-10-07,0.0,26,main,,
2026-10-07,2026-10-07,Oct 7,v5,"New rules: upside ÷ risk, small caps first",pipeline,2026-10-07 12:33,27,USAR,USA Rare Earth,main,waiting,USD,13.135,13.135,18.7274,2026-10-07,13.135,13.135,2026-10-07,0.0,27,main,,
2026-10-07,2026-10-07,Oct 7,v5,"New rules: upside ÷ risk, small caps first",pipeline,2026-10-07 12:33,28,MP,MP Materials,main,waiting,USD,45.77,45.77,65.257,2026-10-07,45.77,45.77,2026-10-07,0.0,28,main,,
2026-10-07,2026-10-07,Oct 7,v5,"New rules: upside ÷ risk, small caps first",pipeline,2026-10-07 12:33,29,KTOS,Kratos Defense,main,waiting,USD,41.675,41.675,59.4185,2026-10-07,41.675,41.675,2026-10-07,0.0,29,main,,
2026-10-07,2026-10-07,Oct 7,v5,"New rules: upside ÷ risk, small caps first",pipeline,2026-10-07 12:33,30,RGTI,Rigetti Computing,main,waiting,USD,14.535,14.535,20.7234,2026-10-07,14.535,14.535,2026-10-07,0.0,30,main,,
2026-10-07,2026-10-07,Oct 7,v5,"New rules: upside ÷ risk, small caps first",pipeline,2026-10-07 12:33,31,ERO,Ero Copper,main,waiting,USD,36.79,36.79,52.4537,2026-10-07,36.79,36.79,2026-10-07,0.0,31,main,,
2026-10-07,2026-10-07,Oct 7,v5,"New rules: upside ÷ risk, small caps first",pipeline,2026-10-07 12:33,32,SCR.TO,Strathcona Resources,main,waiting,CAD,40.13,28.1464,40.13,2026-10-07,40.13,28.1464,2026-10-07,0.0,32,main,,
2026-10-07,2026-10-07,Oct 7,v5,"New rules: upside ÷ risk, small caps first",pipeline,2026-10-07 12:33,33,CS.TO,Capstone Copper,main,waiting,CAD,14.02,9.8334,14.02,2026-10-07,14.02,9.8334,2026-10-07,0.0,33,main,,
2026-10-07,2026-10-07,Oct 7,v5,"New rules: upside ÷ risk, small caps first",pipeline,2026-10-07 12:33,34,PEY.TO,Peyto Exploration,main,waiting,CAD,23.64,16.5806,23.64,2026-10-07,23.64,16.5806,2026-10-07,0.0,34,main,,
2026-10-07,2026-10-07,Oct 7,v5,"New rules: upside ÷ risk, small caps first",pipeline,2026-10-07 12:33,35,AKAM,Akamai,main,waiting,USD,104.39,104.39,148.8351,2026-10-07,104.39,104.39,2026-10-07,0.0,35,main,,
2026-10-07,2026-10-07,Oct 7,v5,"New rules: upside ÷ risk, small caps first",pipeline,2026-10-07 12:33,36,LHX,L3Harris,main,waiting,USD,234.0825,234.0825,333.7455,2026-10-07,234.0825,234.0825,2026-10-07,0.0,36,main,,
2026-10-07,2026-10-07,Oct 7,v5,"New rules: upside ÷ risk, small caps first",pipeline,2026-10-07 12:33,37,PPL.TO,Pembina Pipeline,main,waiting,CAD,65.33,45.8212,65.33,2026-10-07,65.33,45.8212,2026-10-07,0.0,37,main,,
2026-10-07,2026-10-07,Oct 7,v5,"New rules: upside ÷ risk, small caps first",pipeline,2026-10-07 12:33,38,LMT,Lockheed Martin,main,waiting,USD,502.2672,502.2672,716.1125,2026-10-07,502.2672,502.2672,2026-10-07,0.0,38,main,,
2026-10-07,2026-10-07,Oct 7,v5,"New rules: upside ÷ risk, small caps first",pipeline,2026-10-07 12:33,39,TOU.TO,Tourmaline Oil,main,waiting,CAD,62.28,43.682,62.28,2026-10-07,62.28,43.682,2026-10-07,0.0,39,main,,
2026-10-07,2026-10-07,Oct 7,v5,"New rules: upside ÷ risk, small caps first",pipeline,2026-10-07 12:33,40,BN,Brookfield Corp,main,waiting,USD,36.865,36.865,52.5606,2026-10-07,36.865,36.865,2026-10-07,0.0,40,main,,
2026-10-07,2026-10-07,Oct 7,v5,"New rules: upside ÷ risk, small caps first",pipeline,2026-10-07 12:33,41,ARX.TO,ARC Resources,main,waiting,CAD,33.91,23.7838,33.91,2026-09-09,33.91,23.7838,2026-09-09,0.0,41,main,,
2026-10-07,2026-10-07,Oct 7,v5,"New rules: upside ÷ risk, small caps first",pipeline,2026-10-07 12:33,42,GM,General Motors,main,waiting,USD,80.97,80.97,115.4438,2026-10-07,80.97,80.97,2026-10-07,0.0,42,main,,
2026-10-07,2026-10-07,Oct 7,v5,"New rules: upside ÷ risk, small caps first",pipeline,2026-10-07 12:33,43,HBM,Hudbay Minerals,main,waiting,USD,25.945,25.945,36.9913,2026-10-07,25.945,25.945,2026-10-07,0.0,43,main,,
2026-10-07,2026-10-07,Oct 7,v5,"New rules: upside ÷ risk, small caps first",pipeline,2026-10-07 12:33,44,SU.TO,Suncor Energy,main,waiting,CAD,97.18,68.1601,97.18,2026-10-07,97.18,68.1601,2026-10-07,0.0,44,main,,
2026-10-07,2026-10-07,Oct 7,v5,"New rules: upside ÷ risk, small caps first",pipeline,2026-10-07 12:33,45,FCX,Freeport-McMoRan,main,waiting,USD,71.48,71.48,101.9133,2026-10-07,71.48,71.48,2026-10-07,0.0,45,main,,
2026-10-07,2026-10-07,Oct 7,v5,"New rules: upside ÷ risk, small caps first",pipeline,2026-10-07 12:33,46,SCCO,Southern Copper,main,waiting,USD,199.365,199.365,284.2466,2026-10-07,199.365,199.365,2026-10-07,0.0,46,main,,
2026-10-07,2026-10-07,Oct 7,v5,"New rules: upside ÷ risk, small caps first",pipeline,2026-10-07 12:33,47,F,Ford,main,waiting,USD,12.07,12.07,17.2089,2026-10-07,12.07,12.07,2026-10-07,0.0,47,main,,
2026-10-07,2026-10-07,Oct 7,v5,"New rules: upside ÷ risk, small caps first",pipeline,2026-10-07 12:33,48,TRP.TO,TC Energy,main,waiting,CAD,84.27,59.1053,84.27,2026-10-07,84.27,59.1053,2026-10-07,0.0,48,main,,
2026-10-07,2026-10-07,Oct 7,v5,"New rules: upside ÷ risk, small caps first",pipeline,2026-10-07 12:33,49,BAM,Brookfield Asset Management,main,waiting,USD,44.39,44.39,63.2895,2026-10-07,44.39,44.39,2026-10-07,0.0,49,main,,
2026-10-07,2026-10-07,Oct 7,v5,"New rules: upside ÷ risk, small caps first",pipeline,2026-10-07 12:33,50,CVE.TO,Cenovus Energy,main,waiting,CAD,43.87,30.7696,43.87,2026-10-07,43.87,30.7696,2026-10-07,0.0,50,main,,
2026-10-07,2026-10-07,Oct 7,v5,"New rules: upside ÷ risk, small caps first",pipeline,2026-10-07 12:33,51,CNQ.TO,Canadian Natural Resources,main,waiting,CAD,67.72,47.4975,67.72,2026-10-07,67.72,47.4975,2026-10-07,0.0,51,main,,
2026-10-07,2026-10-07,Oct 7,v5,"New rules: upside ÷ risk, small caps first",pipeline,2026-10-07 12:33,52,TRP,TC Energy,main,waiting,USD,59.0803,59.0803,84.2343,2026-10-07,59.0803,59.0803,2026-10-07,0.0,52,main,,
2026-10-07,2026-10-07,Oct 7,v5,"New rules: upside ÷ risk, small caps first",pipeline,2026-10-07 12:33,53,TECK,Teck Resources,main,waiting,USD,65.28,65.28,93.0736,2026-10-07,65.28,65.28,2026-10-07,0.0,53,main,,
2026-10-07,2026-10-07,Oct 7,v5,"New rules: upside ÷ risk, small caps first",pipeline,2026-10-07 12:33,54,005930.KS,Samsung Electronics,large caps,confirmed,KRW,268500.0,200.5647,285.9572,2026-10-07,268500.0,200.5647,2026-10-07,0.0,54,large caps,,
2026-10-07,2026-10-07,Oct 7,v5,"New rules: upside ÷ risk, small caps first",pipeline,2026-10-07 12:33,55,MU,Micron,large caps,confirmed,USD,1078.385,1078.385,1537.5182,2026-10-07,1078.385,1078.385,2026-10-07,0.0,55,large caps,,
2026-10-07,2026-10-07,Oct 7,v5,"New rules: upside ÷ risk, small caps first",pipeline,2026-10-07 12:33,56,SPCX,SpaceX,large caps,confirmed,USD,168.2255,168.2255,239.8492,2026-10-07,168.2255,168.2255,2026-10-07,0.0,56,large caps,,
2026-10-07,2026-10-07,Oct 7,v5,"New rules: upside ÷ risk, small caps first",pipeline,2026-10-07 12:33,57,LRCX,Lam Research,large caps,confirmed,USD,327.71,327.71,467.2358,2026-10-07,327.71,327.71,2026-10-07,0.0,57,large caps,,
2026-10-07,2026-10-07,Oct 7,v5,"New rules: upside ÷ risk, small caps first",pipeline,2026-10-07 12:33,58,GEV,GE Vernova,large caps,confirmed,USD,997.0,997.0,1421.4828,2026-10-07,997.0,997.0,2026-10-07,0.0,58,large caps,,
2026-10-07,2026-10-07,Oct 7,v5,"New rules: upside ÷ risk, small caps first",pipeline,2026-10-07 12:33,59,PLTR,Palantir,large caps,confirmed,USD,193.1,193.1,275.3143,2026-10-07,193.1,193.1,2026-10-07,0.0,59,large caps,,
2026-10-07,2026-10-07,Oct 7,v5,"New rules: upside ÷ risk, small caps first",pipeline,2026-10-07 12:33,60,RTX,RTX,large caps,waiting,USD,180.825,180.825,257.8131,2026-10-07,180.825,180.825,2026-10-07,0.0,60,large caps,,
2026-10-07,2026-10-07,Oct 7,v5,"New rules: upside ÷ risk, small caps first",pipeline,2026-10-07 12:33,61,PGLD.V,PGLD (TSXV),watchlist,filtered,CAD,1.41,0.9889,1.41,2026-10-07,1.41,0.9889,2026-10-07,0.0,61,watchlist,,
2026-10-07,2026-10-07,Oct 7,v5,"New rules: upside ÷ risk, small caps first",pipeline,2026-10-07 12:33,62,CYPH,Cypherpunk Technologies (CYPH),watchlist,filtered,USD,3.0473,3.0473,4.3447,2026-10-07,3.0473,3.0473,2026-10-07,0.0,62,watchlist,,
2026-10-07,2026-10-07,Oct 7,v5,"New rules: upside ÷ risk, small caps first",pipeline,2026-10-07 12:33,63,OKLO,Oklo,watchlist,filtered,USD,36.43,36.43,51.9404,2026-10-07,36.43,36.43,2026-10-07,0.0,63,watchlist,,
2026-10-07,2026-10-07,Oct 7,v5,"New rules: upside ÷ risk, small caps first",pipeline,2026-10-07 12:33,64,UUUU,Energy Fuels,watchlist,filtered,USD,10.2901,10.2901,14.6712,2026-10-07,10.2901,10.2901,2026-10-07,0.0,64,watchlist,,
2026-10-07,2026-10-07,Oct 7,v5,"New rules: upside ÷ risk, small caps first",pipeline,2026-10-07 12:33,65,ASST,Strive (ASST),watchlist,filtered,USD,28.42,28.42,40.5201,2026-10-07,28.42,28.42,2026-10-07,0.0,65,watchlist,,
2026-10-07,2026-10-07,Oct 7,v5,"New rules: upside ÷ risk, small caps first",pipeline,2026-10-07 12:33,66,QBTS,D-Wave Quantum,watchlist,filtered,USD,15.035,15.035,21.4363,2026-10-07,15.035,15.035,2026-10-07,0.0,66,watchlist,,
2026-10-07,2026-10-07,Oct 7,v5,"New rules: upside ÷ risk, small caps first",pipeline,2026-10-07 12:33,67,INFQ,Infleqtion,watchlist,filtered,USD,11.585,11.585,16.5174,2026-10-07,11.585,11.585,2026-10-07,0.0,67,watchlist,,
2026-10-07,2026-10-07,Oct 7,v5,"New rules: upside ÷ risk, small caps first",pipeline,2026-10-07 12:33,68,BWXT,BWX Technologies,watchlist,filtered,USD,140.615,140.615,200.4832,2026-10-07,140.615,140.615,2026-10-07,0.0,68,watchlist,,
2026-10-07,2026-10-07,Oct 7,v5,"New rules: upside ÷ risk, small caps first",pipeline,2026-10-07 12:33,69,3006.TW,Elite Semiconductor Memory Technology (ESMT),watchlist,filtered,TWD,270.5,8.4945,12.1112,2026-10-07,270.5,8.4945,2026-10-07,0.0,69,watchlist,,
2026-10-07,2026-10-07,Oct 7,v5,"New rules: upside ÷ risk, small caps first",pipeline,2026-10-07 12:33,70,MSTR,Strategy (MicroStrategy),watchlist,filtered,USD,155.73,155.73,222.0336,2026-10-07,155.73,155.73,2026-10-07,0.0,70,watchlist,,
2026-10-07,2026-10-07,Oct 7,v5,"New rules: upside ÷ risk, small caps first",pipeline,2026-10-07 12:33,71,000660.KS,SK hynix,watchlist,filtered,KRW,1723000.0,1287.0504,1835.025,2026-10-07,1723000.0,1287.0504,2026-10-07,0.0,71,watchlist,,
2026-10-06,2026-10-06,Oct 6,v5,"New rules: upside ÷ risk, small caps first",pipeline,2026-10-06 21:22,1,OKLO,Oklo,main,confirmed,USD,38.55,38.55,54.7969,2026-10-06,36.43,36.43,2026-10-07,-5.5,63,watchlist,False,True
2026-10-06,2026-10-06,Oct 6,v5,"New rules: upside ÷ risk, small caps first",pipeline,2026-10-06 21:22,2,LWLG,Lightwave Logic,main,confirmed,USD,5.62,5.62,7.9885,2026-10-06,5.3286,5.3286,2026-10-07,-5.19,1,main,True,
2026-10-06,2026-10-06,Oct 6,v5,"New rules: upside ÷ risk, small caps first",pipeline,2026-10-06 21:22,3,STLA,Stellantis,main,confirmed,USD,4.61,4.61,6.5529,2026-10-06,4.625,4.625,2026-10-07,0.33,2,main,True,
2026-10-06,2026-10-06,Oct 6,v5,"New rules: upside ÷ risk, small caps first",pipeline,2026-10-06 21:22,4,BWXT,BWX Technologies,main,confirmed,USD,145.7,145.7,207.1053,2026-10-06,140.615,140.615,2026-10-07,-3.49,68,watchlist,False,True
2026-10-06,2026-10-06,Oct 6,v5,"New rules: upside ÷ risk, small caps first",pipeline,2026-10-06 21:22,5,FN,Fabrinet,main,confirmed,USD,489.16,489.16,695.3165,2026-10-06,486.75,486.75,2026-10-07,-0.49,3,main,True,
2026-10-06,2026-10-06,Oct 6,v5,"New rules: upside ÷ risk, small caps first",pipeline,2026-10-06 21:22,6,CCJ,Cameco,main,confirmed,USD,93.02,93.02,132.2233,2026-10-06,89.335,89.335,2026-10-07,-3.96,4,main,True,True
2026-10-06,2026-10-06,Oct 6,v5,"New rules: upside ÷ risk, small caps first",pipeline,2026-10-06 21:22,7,3006.TW,Elite Semiconductor Memory Technology (ESMT),main,confirmed,TWD,273.0,8.5809,12.1973,2026-10-06,270.5,8.4945,2026-10-07,-0.92,69,watchlist,False,
2026-10-06,2026-10-06,Oct 6,v5,"New rules: upside ÷ risk, small caps first",pipeline,2026-10-06 21:22,8,VST,Vistra,main,confirmed,USD,160.5,160.5,228.1427,2026-10-06,164.66,164.66,2026-10-07,2.59,6,main,True,True
2026-10-06,2026-10-06,Oct 6,v5,"New rules: upside ÷ risk, small caps first",pipeline,2026-10-06 21:22,9,AAOI,Applied Optoelectronics,main,confirmed,USD,130.16,130.16,185.0159,2026-10-06,120.955,120.955,2026-10-07,-7.07,8,main,True,
2026-10-06,2026-10-06,Oct 6,v5,"New rules: upside ÷ risk, small caps first",pipeline,2026-10-06 21:22,10,AXTI,AXT Inc,main,confirmed,USD,84.06,84.06,119.4871,2026-10-06,81.045,81.045,2026-10-07,-3.59,7,main,True,
2026-10-06,2026-10-06,Oct 6,v5,"New rules: upside ÷ risk, small caps first",pipeline,2026-10-06 21:22,11,IQE.L,IQE plc,main,confirmed,GBp,57.1,0.7571,1.0762,2026-10-06,54.2,0.7161,2026-10-07,-5.08,5,main,,
2026-10-06,2026-10-06,Oct 6,v5,"New rules: upside ÷ risk, small caps first",pipeline,2026-10-06 21:22,12,CEG,Constellation Energy,main,confirmed,USD,300.4,300.4,427.0036,2026-10-06,295.52,295.52,2026-10-07,-1.62,9,main,,
2026-10-06,2026-10-06,Oct 6,v5,"New rules: upside ÷ risk, small caps first",pipeline,2026-10-06 21:22,13,CRDO,Credo Technology,main,confirmed,USD,220.83,220.83,313.8988,2026-10-06,213.84,213.84,2026-10-07,-3.17,10,main,,
2026-10-06,2026-10-06,Oct 6,v5,"New rules: upside ÷ risk, small caps first",pipeline,2026-10-06 21:22,14,COHR,Coherent,main,confirmed,USD,338.36,338.36,480.9618,2026-10-06,324.9,324.9,2026-10-07,-3.98,11,main,,
2026-10-06,2026-10-06,Oct 6,v5,"New rules: upside ÷ risk, small caps first",pipeline,2026-10-06 21:22,15,TSEM,Tower Semiconductor,main,confirmed,USD,258.41,258.41,367.3169,2026-10-06,245.325,245.325,2026-10-07,-5.06,12,main,,
2026-10-06,2026-10-06,Oct 6,v5,"New rules: upside ÷ risk, small caps first",pipeline,2026-10-06 21:22,16,LITE,Lumentum,main,confirmed,USD,1133.4,1133.4,1611.0715,2026-10-06,1101.595,1101.595,2026-10-07,-2.81,13,main,,
2026-10-06,2026-10-06,Oct 6,v5,"New rules: upside ÷ risk, small caps first",pipeline,2026-10-06 21:22,17,BE,Bloom Energy,main,confirmed,USD,295.78,295.78,420.4365,2026-10-06,287.44,287.44,2026-10-07,-2.82,14,main,,
2026-10-06,2026-10-06,Oct 6,v5,"New rules: upside ÷ risk, small caps first",pipeline,2026-10-06 21:22,18,CRML,Critical Metals Corp,main,waiting,USD,7.36,7.36,10.4619,2026-10-06,7.145,7.145,2026-10-07,-2.92,16,main,,
2026-10-06,2026-10-06,Oct 6,v5,"New rules: upside ÷ risk, small caps first",pipeline,2026-10-06 21:22,19,NNE,NANO Nuclear Energy,main,waiting,USD,16.49,16.49,23.4397,2026-10-06,15.79,15.79,2026-10-07,-4.24,18,main,,
2026-10-06,2026-10-06,Oct 6,v5,"New rules: upside ÷ risk, small caps first",pipeline,2026-10-06 21:22,20,SIVE.ST,Sivers Semiconductors,main,waiting,SEK,35.34,3.5317,5.0201,2026-10-06,34.28,3.4175,2026-10-07,-3.0,15,main,,
2026-10-06,2026-10-06,Oct 6,v5,"New rules: upside ÷ risk, small caps first",pipeline,2026-10-06 21:22,21,AMPX,Amprius Technologies,main,waiting,USD,9.47,9.47,13.4611,2026-10-06,8.95,8.95,2026-10-07,-5.49,17,main,,
2026-10-06,2026-10-06,Oct 6,v5,"New rules: upside ÷ risk, small caps first",pipeline,2026-10-06 21:22,22,UAMY,United States Antimony,main,waiting,USD,3.99,3.99,5.6716,2026-10-06,3.825,3.825,2026-10-07,-4.14,19,main,,
2026-10-06,2026-10-06,Oct 6,v5,"New rules: upside ÷ risk, small caps first",pipeline,2026-10-06 21:22,23,TMQ,Trilogy Metals,main,waiting,USD,2.97,2.97,4.2217,2026-10-06,2.86,2.86,2026-10-07,-3.7,20,main,,
2026-10-06,2026-10-06,Oct 6,v5,"New rules: upside ÷ risk, small caps first",pipeline,2026-10-06 21:22,24,ASPI,ASP Isotopes,main,waiting,USD,2.85,2.85,4.0511,2026-10-06,2.735,2.735,2026-10-07,-4.04,21,main,,
2026-10-06,2026-10-06,Oct 6,v5,"New rules: upside ÷ risk, small caps first",pipeline,2026-10-06 21:22,25,OLN,Olin Corporation,main,waiting,USD,16.21,16.21,23.0417,2026-10-06,15.8604,15.8604,2026-10-07,-2.16,22,main,,
2026-10-06,2026-10-06,Oct 6,v5,"New rules: upside ÷ risk, small caps first",pipeline,2026-10-06 21:22,26,RCAT,Red Cat Holdings,main,waiting,USD,6.34,6.34,9.012,2026-10-06,6.01,6.01,2026-10-07,-5.21,23,main,,
2026-10-06,2026-10-06,Oct 6,v5,"New rules: upside ÷ risk, small caps first",pipeline,2026-10-06 21:22,27,LAC,Lithium Americas,main,waiting,USD,2.54,2.54,3.6105,2026-10-06,2.41,2.41,2026-10-07,-5.12,24,main,,
2026-10-06,2026-10-06,Oct 6,v5,"New rules: upside ÷ risk, small caps first",pipeline,2026-10-06 21:22,28,POET,POET Technologies,main,waiting,USD,7.71,7.71,10.9594,2026-10-06,7.34,7.34,2026-10-07,-4.8,25,main,,
2026-10-06,2026-10-06,Oct 6,v5,"New rules: upside ÷ risk, small caps first",pipeline,2026-10-06 21:22,29,NVTS,Navitas Semiconductor,main,waiting,USD,11.97,11.97,17.0148,2026-10-06,11.165,11.165,2026-10-07,-6.73,26,main,,
2026-10-06,2026-10-06,Oct 6,v5,"New rules: upside ÷ risk, small caps first",pipeline,2026-10-06 21:22,30,USAR,USA Rare Earth,main,waiting,USD,13.74,13.74,19.5307,2026-10-06,13.135,13.135,2026-10-07,-4.4,27,main,,
2026-10-06,2026-10-06,Oct 6,v5,"New rules: upside ÷ risk, small caps first",pipeline,2026-10-06 21:22,31,MP,MP Materials,main,waiting,USD,48.53,48.53,68.983,2026-10-06,45.77,45.77,2026-10-07,-5.69,28,main,,
2026-10-06,2026-10-06,Oct 6,v5,"New rules: upside ÷ risk, small caps first",pipeline,2026-10-06 21:22,32,KTOS,Kratos Defense,main,waiting,USD,43.71,43.71,62.1316,2026-10-06,41.675,41.675,2026-10-07,-4.66,29,main,,
2026-10-06,2026-10-06,Oct 6,v5,"New rules: upside ÷ risk, small caps first",pipeline,2026-10-06 21:22,33,QBTS,D-Wave Quantum,main,waiting,USD,15.79,15.79,22.4447,2026-10-06,15.035,15.035,2026-10-07,-4.78,66,watchlist,,
2026-10-06,2026-10-06,Oct 6,v5,"New rules: upside ÷ risk, small caps first",pipeline,2026-10-06 21:22,34,RGTI,Rigetti Computing,main,waiting,USD,15.17,15.17,21.5634,2026-10-06,14.535,14.535,2026-10-07,-4.19,30,main,,
2026-10-06,2026-10-06,Oct 6,v5,"New rules: upside ÷ risk, small caps first",pipeline,2026-10-06 21:22,35,INFQ,Infleqtion,main,waiting,USD,12.54,12.54,17.825,2026-10-06,11.585,11.585,2026-10-07,-7.62,67,watchlist,,
2026-10-06,2026-10-06,Oct 6,v5,"New rules: upside ÷ risk, small caps first",pipeline,2026-10-06 21:22,36,ERO,Ero Copper,main,waiting,USD,37.93,37.93,53.9156,2026-10-06,36.79,36.79,2026-10-07,-3.01,31,main,,
2026-10-06,2026-10-06,Oct 6,v5,"New rules: upside ÷ risk, small caps first",pipeline,2026-10-06 21:22,37,SCR.TO,Strathcona Resources,main,waiting,CAD,40.2,28.281,40.2,2026-10-06,40.13,28.1464,2026-10-07,-0.17,32,main,,
2026-10-06,2026-10-06,Oct 6,v5,"New rules: upside ÷ risk, small caps first",pipeline,2026-10-06 21:22,38,PEY.TO,Peyto Exploration,main,waiting,CAD,23.83,16.7646,23.83,2026-10-06,23.64,16.5806,2026-10-07,-0.8,34,main,,
2026-10-06,2026-10-06,Oct 6,v5,"New rules: upside ÷ risk, small caps first",pipeline,2026-10-06 21:22,39,CS.TO,Capstone Copper,main,waiting,CAD,14.36,10.1024,14.36,2026-10-06,14.02,9.8334,2026-10-07,-2.37,33,main,,
2026-10-06,2026-10-06,Oct 6,v5,"New rules: upside ÷ risk, small caps first",pipeline,2026-10-06 21:22,40,LHX,L3Harris,main,waiting,USD,237.9,237.9,338.163,2026-10-06,234.0825,234.0825,2026-10-07,-1.6,36,main,,
2026-10-06,2026-10-06,Oct 6,v5,"New rules: upside ÷ risk, small caps first",pipeline,2026-10-06 21:22,41,AKAM,Akamai,main,waiting,USD,108.62,108.62,154.3979,2026-10-06,104.39,104.39,2026-10-07,-3.89,35,main,,
2026-10-06,2026-10-06,Oct 6,v5,"New rules: upside ÷ risk, small caps first",pipeline,2026-10-06 21:22,42,BN,Brookfield Corp,main,waiting,USD,37.29,37.29,53.0059,2026-10-06,36.865,36.865,2026-10-07,-1.14,40,main,,
2026-10-06,2026-10-06,Oct 6,v5,"New rules: upside ÷ risk, small caps first",pipeline,2026-10-06 21:22,43,HBM,Hudbay Minerals,main,waiting,USD,26.95,26.95,38.3081,2026-10-06,25.945,25.945,2026-10-07,-3.73,43,main,,
2026-10-06,2026-10-06,Oct 6,v5,"New rules: upside ÷ risk, small caps first",pipeline,2026-10-06 21:22,44,PPL.TO,Pembina Pipeline,main,waiting,CAD,66.37,46.6918,66.37,2026-10-06,65.33,45.8212,2026-10-07,-1.57,37,main,,
2026-10-06,2026-10-06,Oct 6,v5,"New rules: upside ÷ risk, small caps first",pipeline,2026-10-06 21:22,45,TOU.TO,Tourmaline Oil,main,waiting,CAD,62.91,44.2576,62.91,2026-10-06,62.28,43.682,2026-10-07,-1.0,39,main,,
2026-10-06,2026-10-06,Oct 6,v5,"New rules: upside ÷ risk, small caps first",pipeline,2026-10-06 21:22,46,TRP.TO,TC Energy,main,waiting,CAD,85.57,60.1991,85.57,2026-10-06,84.27,59.1053,2026-10-07,-1.52,48,main,,
2026-10-06,2026-10-06,Oct 6,v5,"New rules: upside ÷ risk, small caps first",pipeline,2026-10-06 21:22,47,LMT,Lockheed Martin,main,waiting,USD,510.12,510.12,725.1101,2026-10-06,502.2672,502.2672,2026-10-07,-1.54,38,main,,
2026-10-06,2026-10-06,Oct 6,v5,"New rules: upside ÷ risk, small caps first",pipeline,2026-10-06 21:22,48,TRP,TC Energy,main,waiting,USD,60.23,60.23,85.6139,2026-10-06,59.0803,59.0803,2026-10-07,-1.91,52,main,,
2026-10-06,2026-10-06,Oct 6,v5,"New rules: upside ÷ risk, small caps first",pipeline,2026-10-06 21:22,49,GM,General Motors,main,waiting,USD,82.01,82.01,116.5731,2026-10-06,80.97,80.97,2026-10-07,-1.27,42,main,,
2026-10-06,2026-10-06,Oct 6,v5,"New rules: upside ÷ risk, small caps first",pipeline,2026-10-06 21:22,50,ARX.TO,ARC Resources,main,waiting,CAD,33.91,23.8559,33.91,2026-09-09,33.91,23.7838,2026-09-09,0.0,41,main,,
2026-10-06,2026-10-06,Oct 6,v5,"New rules: upside ÷ risk, small caps first",pipeline,2026-10-06 21:22,51,SU.TO,Suncor Energy,main,waiting,CAD,97.05,68.2754,97.05,2026-10-06,97.18,68.1601,2026-10-07,0.13,44,main,,
2026-10-06,2026-10-06,Oct 6,v5,"New rules: upside ÷ risk, small caps first",pipeline,2026-10-06 21:22,52,TECK,Teck Resources,main,waiting,USD,67.1,67.1,95.3793,2026-10-06,65.28,65.28,2026-10-07,-2.71,53,main,,
2026-10-06,2026-10-06,Oct 6,v5,"New rules: upside ÷ risk, small caps first",pipeline,2026-10-06 21:22,53,FCX,Freeport-McMoRan,main,waiting,USD,72.56,72.56,103.1404,2026-10-06,71.48,71.48,2026-10-07,-1.49,45,main,,
2026-10-06,2026-10-06,Oct 6,v5,"New rules: upside ÷ risk, small caps first",pipeline,2026-10-06 21:22,54,SCCO,Southern Copper,main,waiting,USD,204.26,204.26,290.3454,2026-10-06,199.365,199.365,2026-10-07,-2.4,46,main,,
2026-10-06,2026-10-06,Oct 6,v5,"New rules: upside ÷ risk, small caps first",pipeline,2026-10-06 21:22,55,F,Ford,main,waiting,USD,12.28,12.28,17.4554,2026-10-06,12.07,12.07,2026-10-07,-1.71,47,main,,
2026-10-06,2026-10-06,Oct 6,v5,"New rules: upside ÷ risk, small caps first",pipeline,2026-10-06 21:22,56,BAM,Brookfield Asset Management,main,waiting,USD,45.21,45.21,64.2638,2026-10-06,44.39,44.39,2026-10-07,-1.81,49,main,,
2026-10-06,2026-10-06,Oct 6,v5,"New rules: upside ÷ risk, small caps first",pipeline,2026-10-06 21:22,57,CVE.TO,Cenovus Energy,main,waiting,CAD,44.46,31.2779,44.46,2026-10-06,43.87,30.7696,2026-10-07,-1.33,50,main,,
2026-10-06,2026-10-06,Oct 6,v5,"New rules: upside ÷ risk, small caps first",pipeline,2026-10-06 21:22,58,CNQ.TO,Canadian Natural Resources,main,waiting,CAD,68.48,48.1762,68.48,2026-10-06,67.72,47.4975,2026-10-07,-1.11,51,main,,
2026-10-06,2026-10-06,Oct 6,v5,"New rules: upside ÷ risk, small caps first",pipeline,2026-10-06 21:22,59,005930.KS,Samsung Electronics,large caps,confirmed,KRW,275750.0,206.0665,292.9133,2026-10-06,268500.0,200.5647,2026-10-07,-2.63,54,large caps,,
2026-10-06,2026-10-06,Oct 6,v5,"New rules: upside ÷ risk, small caps first",pipeline,2026-10-06 21:22,60,SPCX,SpaceX,large caps,confirmed,USD,171.92,171.92,244.3757,2026-10-06,168.2255,168.2255,2026-10-07,-2.15,56,large caps,,
2026-10-06,2026-10-06,Oct 6,v5,"New rules: upside ÷ risk, small caps first",pipeline,2026-10-06 21:22,61,MU,Micron,large caps,confirmed,USD,1045.5601,1045.5601,1486.2114,2026-10-06,1078.385,1078.385,2026-10-07,3.14,55,large caps,,
2026-10-06,2026-10-06,Oct 6,v5,"New rules: upside ÷ risk, small caps first",pipeline,2026-10-06 21:22,62,LRCX,Lam Research,large caps,confirmed,USD,333.89,333.89,474.6079,2026-10-06,327.71,327.71,2026-10-07,-1.85,57,large caps,,
2026-10-06,2026-10-06,Oct 6,v5,"New rules: upside ÷ risk, small caps first",pipeline,2026-10-06 21:22,63,GEV,GE Vernova,large caps,confirmed,USD,1029.21,1029.21,1462.9706,2026-10-06,997.0,997.0,2026-10-07,-3.13,58,large caps,,
2026-10-06,2026-10-06,Oct 6,v5,"New rules: upside ÷ risk, small caps first",pipeline,2026-10-06 21:22,64,PLTR,Palantir,large caps,confirmed,USD,192.07,192.07,273.0179,2026-10-06,193.1,193.1,2026-10-07,0.54,59,large caps,,
2026-10-06,2026-10-06,Oct 6,v5,"New rules: upside ÷ risk, small caps first",pipeline,2026-10-06 21:22,65,RTX,RTX,large caps,waiting,USD,183.29,183.29,260.5376,2026-10-06,180.825,180.825,2026-10-07,-1.34,60,large caps,,
2026-10-06,2026-10-06,Oct 6,v5,"New rules: upside ÷ risk, small caps first",pipeline,2026-10-06 21:22,66,CYPH,Cypherpunk Technologies (CYPH),watchlist,filtered,USD,3.26,3.26,4.6339,2026-10-06,3.0473,3.0473,2026-10-07,-6.52,62,watchlist,,
2026-10-06,2026-10-06,Oct 6,v5,"New rules: upside ÷ risk, small caps first",pipeline,2026-10-06 21:22,67,PGLD.V,PGLD (TSXV),watchlist,filtered,CAD,1.465,1.0306,1.465,2026-10-06,1.41,0.9889,2026-10-07,-3.75,61,watchlist,,
2026-10-06,2026-10-06,Oct 6,v5,"New rules: upside ÷ risk, small caps first",pipeline,2026-10-06 21:22,68,ASST,Strive (ASST),watchlist,filtered,USD,29.75,29.75,42.2881,2026-10-06,28.42,28.42,2026-10-07,-4.47,65,watchlist,,
2026-10-06,2026-10-06,Oct 6,v5,"New rules: upside ÷ risk, small caps first",pipeline,2026-10-06 21:22,69,UUUU,Energy Fuels,watchlist,filtered,USD,11.26,11.26,16.0055,2026-10-06,10.2901,10.2901,2026-10-07,-8.61,64,watchlist,,
2026-10-06,2026-10-06,Oct 6,v5,"New rules: upside ÷ risk, small caps first",pipeline,2026-10-06 21:22,70,MSTR,Strategy (MicroStrategy),watchlist,filtered,USD,164.55,164.55,233.8996,2026-10-06,155.73,155.73,2026-10-07,-5.36,70,watchlist,,
2026-10-06,2026-10-06,Oct 6,v5,"New rules: upside ÷ risk, small caps first",pipeline,2026-10-06 21:22,71,000660.KS,SK hynix,watchlist,filtered,KRW,1762000.0,1316.7333,1871.6706,2026-10-06,1723000.0,1287.0504,2026-10-07,-2.21,71,watchlist,,
2026-10-05,2026-10-05,Oct 5,v5,"New rules: upside ÷ risk, small caps first",pipeline,2026-10-05 21:19,1,STLA,Stellantis,main,confirmed,USD,4.49,4.49,6.4027,2026-10-05,4.625,4.625,2026-10-07,3.01,2,main,True,
2026-10-05,2026-10-05,Oct 5,v5,"New rules: upside ÷ risk, small caps first",pipeline,2026-10-05 21:19,2,CEG,Constellation Energy,main,confirmed,USD,267.62,267.62,381.6261,2026-10-05,295.52,295.52,2026-10-07,10.43,9,main,True,
2026-10-05,2026-10-05,Oct 5,v5,"New rules: upside ÷ risk, small caps first",pipeline,2026-10-05 21:19,3,LWLG,Lightwave Logic,main,confirmed,USD,5.55,5.55,7.9143,2026-10-05,5.3286,5.3286,2026-10-07,-3.99,1,main,True,
2026-10-05,2026-10-05,Oct 5,v5,"New rules: upside ÷ risk, small caps first",pipeline,2026-10-05 21:19,4,IQE.L,IQE plc,main,confirmed,GBp,54.0,0.7142,1.0185,2026-10-05,54.2,0.7161,2026-10-07,0.37,5,main,True,
2026-10-05,2026-10-05,Oct 5,v5,"New rules: upside ÷ risk, small caps first",pipeline,2026-10-05 21:19,5,FN,Fabrinet,main,confirmed,USD,453.84,453.84,647.1758,2026-10-05,486.75,486.75,2026-10-07,7.25,3,main,True,
2026-10-05,2026-10-05,Oct 5,v5,"New rules: upside ÷ risk, small caps first",pipeline,2026-10-05 21:19,6,AAOI,Applied Optoelectronics,main,confirmed,USD,121.57,121.57,173.3588,2026-10-05,120.955,120.955,2026-10-07,-0.51,8,main,True,
2026-10-05,2026-10-05,Oct 5,v5,"New rules: upside ÷ risk, small caps first",pipeline,2026-10-05 21:19,7,AXTI,AXT Inc,main,confirmed,USD,86.66,86.66,123.5772,2026-10-05,81.045,81.045,2026-10-07,-6.48,7,main,True,
2026-10-05,2026-10-05,Oct 5,v5,"New rules: upside ÷ risk, small caps first",pipeline,2026-10-05 21:19,8,3006.TW,Elite Semiconductor Memory Technology (ESMT),main,confirmed,TWD,282.0,8.8914,12.6792,2026-10-05,270.5,8.4945,2026-10-07,-4.08,69,watchlist,False,
2026-10-05,2026-10-05,Oct 5,v5,"New rules: upside ÷ risk, small caps first",pipeline,2026-10-05 21:19,9,CRDO,Credo Technology,main,confirmed,USD,212.48,212.48,302.9965,2026-10-05,213.84,213.84,2026-10-07,0.64,10,main,True,
2026-10-05,2026-10-05,Oct 5,v5,"New rules: upside ÷ risk, small caps first",pipeline,2026-10-05 21:19,10,TSEM,Tower Semiconductor,main,confirmed,USD,249.57,249.57,355.8868,2026-10-05,245.325,245.325,2026-10-07,-1.7,12,main,False,
2026-10-05,2026-10-05,Oct 5,v5,"New rules: upside ÷ risk, small caps first",pipeline,2026-10-05 21:19,11,COHR,Coherent,main,confirmed,USD,333.64,333.64,475.7706,2026-10-05,324.9,324.9,2026-10-07,-2.62,11,main,,
2026-10-05,2026-10-05,Oct 5,v5,"New rules: upside ÷ risk, small caps first",pipeline,2026-10-05 21:19,12,LITE,Lumentum,main,confirmed,USD,1091.67,1091.67,1556.7214,2026-10-05,1101.595,1101.595,2026-10-07,0.91,13,main,,
2026-10-05,2026-10-05,Oct 5,v5,"New rules: upside ÷ risk, small caps first",pipeline,2026-10-05 21:19,13,BE,Bloom Energy,main,confirmed,USD,286.65,286.65,408.7629,2026-10-05,287.44,287.44,2026-10-07,0.28,14,main,,
2026-10-05,2026-10-05,Oct 5,v5,"New rules: upside ÷ risk, small caps first",pipeline,2026-10-05 21:19,14,CRML,Critical Metals Corp,main,waiting,USD,7.51,7.51,10.7093,2026-10-05,7.145,7.145,2026-10-07,-4.86,16,main,,
2026-10-05,2026-10-05,Oct 5,v5,"New rules: upside ÷ risk, small caps first",pipeline,2026-10-05 21:19,15,SIVE.ST,Sivers Semiconductors,main,waiting,SEK,34.5,3.4394,4.9046,2026-10-05,34.28,3.4175,2026-10-07,-0.64,15,main,,
2026-10-05,2026-10-05,Oct 5,v5,"New rules: upside ÷ risk, small caps first",pipeline,2026-10-05 21:19,16,AMPX,Amprius Technologies,main,waiting,USD,9.45,9.45,13.4757,2026-10-05,8.95,8.95,2026-10-07,-5.29,17,main,,
2026-10-05,2026-10-05,Oct 5,v5,"New rules: upside ÷ risk, small caps first",pipeline,2026-10-05 21:19,17,POET,POET Technologies,main,waiting,USD,7.81,7.81,11.1371,2026-10-05,7.34,7.34,2026-10-07,-6.02,25,main,,
2026-10-05,2026-10-05,Oct 5,v5,"New rules: upside ÷ risk, small caps first",pipeline,2026-10-05 21:19,18,NNE,NANO Nuclear Energy,main,waiting,USD,15.51,15.51,22.1173,2026-10-05,15.79,15.79,2026-10-07,1.81,18,main,,
2026-10-05,2026-10-05,Oct 5,v5,"New rules: upside ÷ risk, small caps first",pipeline,2026-10-05 21:19,19,UAMY,United States Antimony,main,waiting,USD,3.95,3.95,5.6327,2026-10-05,3.825,3.825,2026-10-07,-3.16,19,main,,
2026-10-05,2026-10-05,Oct 5,v5,"New rules: upside ÷ risk, small caps first",pipeline,2026-10-05 21:19,20,OLN,Olin Corporation,main,waiting,USD,16.27,16.27,23.201,2026-10-05,15.8604,15.8604,2026-10-07,-2.52,22,main,,
2026-10-05,2026-10-05,Oct 5,v5,"New rules: upside ÷ risk, small caps first",pipeline,2026-10-05 21:19,21,TMQ,Trilogy Metals,main,waiting,USD,3.04,3.04,4.335,2026-10-05,2.86,2.86,2026-10-07,-5.92,20,main,,
2026-10-05,2026-10-05,Oct 5,v5,"New rules: upside ÷ risk, small caps first",pipeline,2026-10-05 21:19,22,ASPI,ASP Isotopes,main,waiting,USD,2.93,2.93,4.1782,2026-10-05,2.735,2.735,2026-10-07,-6.66,21,main,,
2026-10-05,2026-10-05,Oct 5,v5,"New rules: upside ÷ risk, small caps first",pipeline,2026-10-05 21:19,23,RCAT,Red Cat Holdings,main,waiting,USD,6.345,6.345,9.048,2026-10-05,6.01,6.01,2026-10-07,-5.28,23,main,,
2026-10-05,2026-10-05,Oct 5,v5,"New rules: upside ÷ risk, small caps first",pipeline,2026-10-05 21:19,24,LAC,Lithium Americas,main,waiting,USD,2.55,2.55,3.6363,2026-10-05,2.41,2.41,2026-10-07,-5.49,24,main,,
2026-10-05,2026-10-05,Oct 5,v5,"New rules: upside ÷ risk, small caps first",pipeline,2026-10-05 21:19,25,NVTS,Navitas Semiconductor,main,waiting,USD,12.34,12.34,17.5968,2026-10-05,11.165,11.165,2026-10-07,-9.52,26,main,,
2026-10-05,2026-10-05,Oct 5,v5,"New rules: upside ÷ risk, small caps first",pipeline,2026-10-05 21:19,26,USAR,USA Rare Earth,main,waiting,USD,13.65,13.65,19.4649,2026-10-05,13.135,13.135,2026-10-07,-3.77,27,main,,
2026-10-05,2026-10-05,Oct 5,v5,"New rules: upside ÷ risk, small caps first",pipeline,2026-10-05 21:19,27,MP,MP Materials,main,waiting,USD,46.84,46.84,66.7938,2026-10-05,45.77,45.77,2026-10-07,-2.28,28,main,,
2026-10-05,2026-10-05,Oct 5,v5,"New rules: upside ÷ risk, small caps first",pipeline,2026-10-05 21:19,28,KTOS,Kratos Defense,main,waiting,USD,42.02,42.02,59.9205,2026-10-05,41.675,41.675,2026-10-07,-0.82,29,main,,
2026-10-05,2026-10-05,Oct 5,v5,"New rules: upside ÷ risk, small caps first",pipeline,2026-10-05 21:19,29,QBTS,D-Wave Quantum,main,waiting,USD,15.64,15.64,22.3026,2026-10-05,15.035,15.035,2026-10-07,-3.87,66,watchlist,,
2026-10-05,2026-10-05,Oct 5,v5,"New rules: upside ÷ risk, small caps first",pipeline,2026-10-05 21:19,30,RGTI,Rigetti Computing,main,waiting,USD,15.15,15.15,21.6039,2026-10-05,14.535,14.535,2026-10-07,-4.06,30,main,,
2026-10-05,2026-10-05,Oct 5,v5,"New rules: upside ÷ risk, small caps first",pipeline,2026-10-05 21:19,31,INFQ,Infleqtion,main,waiting,USD,12.66,12.66,18.0532,2026-10-05,11.585,11.585,2026-10-07,-8.49,67,watchlist,,
2026-10-05,2026-10-05,Oct 5,v5,"New rules: upside ÷ risk, small caps first",pipeline,2026-10-05 21:19,32,ERO,Ero Copper,main,waiting,USD,38.44,38.44,54.8154,2026-10-05,36.79,36.79,2026-10-07,-4.29,31,main,,
2026-10-05,2026-10-05,Oct 5,v5,"New rules: upside ÷ risk, small caps first",pipeline,2026-10-05 21:19,33,CS.TO,Capstone Copper,main,waiting,CAD,14.67,10.2875,14.67,2026-10-05,14.02,9.8334,2026-10-07,-4.43,33,main,,
2026-10-05,2026-10-05,Oct 5,v5,"New rules: upside ÷ risk, small caps first",pipeline,2026-10-05 21:19,34,SCR.TO,Strathcona Resources,main,waiting,CAD,40.2,28.1907,40.2,2026-10-05,40.13,28.1464,2026-10-07,-0.17,32,main,,
2026-10-05,2026-10-05,Oct 5,v5,"New rules: upside ÷ risk, small caps first",pipeline,2026-10-05 21:19,35,VST,Vistra,main,waiting,USD,144.89,144.89,206.6131,2026-10-05,164.66,164.66,2026-10-07,13.64,6,main,,
2026-10-05,2026-10-05,Oct 5,v5,"New rules: upside ÷ risk, small caps first",pipeline,2026-10-05 21:19,36,PEY.TO,Peyto Exploration,main,waiting,CAD,23.58,16.5358,23.58,2026-10-05,23.64,16.5806,2026-10-07,0.25,34,main,,
2026-10-05,2026-10-05,Oct 5,v5,"New rules: upside ÷ risk, small caps first",pipeline,2026-10-05 21:19,37,HBM,Hudbay Minerals,main,waiting,USD,27.26,27.26,38.8728,2026-10-05,25.945,25.945,2026-10-07,-4.82,43,main,,
2026-10-05,2026-10-05,Oct 5,v5,"New rules: upside ÷ risk, small caps first",pipeline,2026-10-05 21:19,38,AKAM,Akamai,main,waiting,USD,107.99,107.99,153.9937,2026-10-05,104.39,104.39,2026-10-07,-3.33,35,main,,
2026-10-05,2026-10-05,Oct 5,v5,"New rules: upside ÷ risk, small caps first",pipeline,2026-10-05 21:19,39,LHX,L3Harris,main,waiting,USD,236.88,236.88,337.7909,2026-10-05,234.0825,234.0825,2026-10-07,-1.18,36,main,,
2026-10-05,2026-10-05,Oct 5,v5,"New rules: upside ÷ risk, small caps first",pipeline,2026-10-05 21:19,40,CCJ,Cameco,main,waiting,USD,87.47,87.47,124.7322,2026-10-05,89.335,89.335,2026-10-07,2.13,4,main,,
2026-10-05,2026-10-05,Oct 5,v5,"New rules: upside ÷ risk, small caps first",pipeline,2026-10-05 21:19,41,TOU.TO,Tourmaline Oil,main,waiting,CAD,62.99,44.1725,62.99,2026-10-05,62.28,43.682,2026-10-07,-1.13,39,main,,
2026-10-05,2026-10-05,Oct 5,v5,"New rules: upside ÷ risk, small caps first",pipeline,2026-10-05 21:19,42,PPL.TO,Pembina Pipeline,main,waiting,CAD,65.82,46.1571,65.82,2026-10-05,65.33,45.8212,2026-10-07,-0.74,37,main,,
2026-10-05,2026-10-05,Oct 5,v5,"New rules: upside ÷ risk, small caps first",pipeline,2026-10-05 21:19,43,TRP.TO,TC Energy,main,waiting,CAD,84.81,59.4741,84.81,2026-10-05,84.27,59.1053,2026-10-07,-0.64,48,main,,
2026-10-05,2026-10-05,Oct 5,v5,"New rules: upside ÷ risk, small caps first",pipeline,2026-10-05 21:19,44,LMT,Lockheed Martin,main,waiting,USD,506.63,506.63,722.4544,2026-10-05,502.2672,502.2672,2026-10-07,-0.86,38,main,,
2026-10-05,2026-10-05,Oct 5,v5,"New rules: upside ÷ risk, small caps first",pipeline,2026-10-05 21:19,45,TECK,Teck Resources,main,waiting,USD,67.87,67.87,96.7826,2026-10-05,65.28,65.28,2026-10-07,-3.82,53,main,,
2026-10-05,2026-10-05,Oct 5,v5,"New rules: upside ÷ risk, small caps first",pipeline,2026-10-05 21:19,46,SU.TO,Suncor Energy,main,waiting,CAD,97.99,68.7167,97.99,2026-10-05,97.18,68.1601,2026-10-07,-0.83,44,main,,
2026-10-05,2026-10-05,Oct 5,v5,"New rules: upside ÷ risk, small caps first",pipeline,2026-10-05 21:19,47,CNQ.TO,Canadian Natural Resources,main,waiting,CAD,68.93,48.338,68.93,2026-10-05,67.72,47.4975,2026-10-07,-1.76,51,main,,
2026-10-05,2026-10-05,Oct 5,v5,"New rules: upside ÷ risk, small caps first",pipeline,2026-10-05 21:19,48,ARX.TO,ARC Resources,main,waiting,CAD,33.91,23.7798,33.91,2026-09-09,33.91,23.7838,2026-09-09,0.0,41,main,,
2026-10-05,2026-10-05,Oct 5,v5,"New rules: upside ÷ risk, small caps first",pipeline,2026-10-05 21:19,49,FCX,Freeport-McMoRan,main,waiting,USD,72.6,72.6,103.5276,2026-10-05,71.48,71.48,2026-10-07,-1.54,45,main,,
2026-10-05,2026-10-05,Oct 5,v5,"New rules: upside ÷ risk, small caps first",pipeline,2026-10-05 21:19,50,SCCO,Southern Copper,main,waiting,USD,205.29,205.29,292.7435,2026-10-05,199.365,199.365,2026-10-07,-2.89,46,main,,
2026-10-05,2026-10-05,Oct 5,v5,"New rules: upside ÷ risk, small caps first",pipeline,2026-10-05 21:19,51,BN,Brookfield Corp,main,waiting,USD,36.83,36.83,52.5196,2026-10-05,36.865,36.865,2026-10-07,0.1,40,main,,
2026-10-05,2026-10-05,Oct 5,v5,"New rules: upside ÷ risk, small caps first",pipeline,2026-10-05 21:19,52,GM,General Motors,main,waiting,USD,80.23,80.23,114.408,2026-10-05,80.97,80.97,2026-10-07,0.92,42,main,,
2026-10-05,2026-10-05,Oct 5,v5,"New rules: upside ÷ risk, small caps first",pipeline,2026-10-05 21:19,53,F,Ford,main,waiting,USD,12.15,12.15,17.3259,2026-10-05,12.07,12.07,2026-10-07,-0.66,47,main,,
2026-10-05,2026-10-05,Oct 5,v5,"New rules: upside ÷ risk, small caps first",pipeline,2026-10-05 21:19,54,CVE.TO,Cenovus Energy,main,waiting,CAD,44.86,31.4586,44.86,2026-10-05,43.87,30.7696,2026-10-07,-2.21,50,main,,
2026-10-05,2026-10-05,Oct 5,v5,"New rules: upside ÷ risk, small caps first",pipeline,2026-10-05 21:19,55,BAM,Brookfield Asset Management,main,waiting,USD,44.73,44.73,63.785,2026-10-05,44.39,44.39,2026-10-07,-0.76,49,main,,
2026-10-05,2026-10-05,Oct 5,v5,"New rules: upside ÷ risk, small caps first",pipeline,2026-10-05 21:19,56,TRP,TC Energy,main,waiting,USD,59.48,59.48,84.8185,2026-10-05,59.0803,59.0803,2026-10-07,-0.67,52,main,,
2026-10-05,2026-10-05,Oct 5,v5,"New rules: upside ÷ risk, small caps first",pipeline,2026-10-05 21:19,57,005930.KS,Samsung Electronics,large caps,confirmed,KRW,276000.0,205.2686,292.713,2026-10-05,268500.0,200.5647,2026-10-07,-2.72,54,large caps,,
2026-10-05,2026-10-05,Oct 5,v5,"New rules: upside ÷ risk, small caps first",pipeline,2026-10-05 21:19,58,SPCX,SpaceX,large caps,confirmed,USD,171.09,171.09,243.9743,2026-10-05,168.2255,168.2255,2026-10-07,-1.67,56,large caps,,
2026-10-05,2026-10-05,Oct 5,v5,"New rules: upside ÷ risk, small caps first",pipeline,2026-10-05 21:19,59,MU,Micron,large caps,confirmed,USD,1063.96,1063.96,1517.207,2026-10-05,1078.385,1078.385,2026-10-07,1.36,55,large caps,,
2026-10-05,2026-10-05,Oct 5,v5,"New rules: upside ÷ risk, small caps first",pipeline,2026-10-05 21:19,60,GEV,GE Vernova,large caps,confirmed,USD,990.0,990.0,1411.74,2026-10-05,997.0,997.0,2026-10-07,0.71,58,large caps,,
2026-10-05,2026-10-05,Oct 5,v5,"New rules: upside ÷ risk, small caps first",pipeline,2026-10-05 21:19,61,PLTR,Palantir,large caps,confirmed,USD,189.4,189.4,270.0844,2026-10-05,193.1,193.1,2026-10-07,1.95,59,large caps,,
2026-10-05,2026-10-05,Oct 5,v5,"New rules: upside ÷ risk, small caps first",pipeline,2026-10-05 21:19,62,LRCX,Lam Research,large caps,confirmed,USD,345.8,345.8,493.1108,2026-10-05,327.71,327.71,2026-10-07,-5.23,57,large caps,,
2026-10-05,2026-10-05,Oct 5,v5,"New rules: upside ÷ risk, small caps first",pipeline,2026-10-05 21:19,63,RTX,RTX,large caps,waiting,USD,184.33,184.33,262.8546,2026-10-05,180.825,180.825,2026-10-07,-1.9,60,large caps,,
2026-10-05,2026-10-05,Oct 5,v5,"New rules: upside ÷ risk, small caps first",pipeline,2026-10-05 21:19,64,CYPH,Cypherpunk Technologies (CYPH),watchlist,filtered,USD,3.17,3.17,4.5204,2026-10-05,3.0473,3.0473,2026-10-07,-3.87,62,watchlist,,
2026-10-05,2026-10-05,Oct 5,v5,"New rules: upside ÷ risk, small caps first",pipeline,2026-10-05 21:19,65,PGLD.V,PGLD (TSXV),watchlist,filtered,CAD,1.46,1.0238,1.46,2026-10-05,1.41,0.9889,2026-10-07,-3.42,61,watchlist,,
2026-10-05,2026-10-05,Oct 5,v5,"New rules: upside ÷ risk, small caps first",pipeline,2026-10-05 21:19,66,ASST,Strive (ASST),watchlist,filtered,USD,30.26,30.26,43.1508,2026-10-05,28.42,28.42,2026-10-07,-6.08,65,watchlist,,
2026-10-05,2026-10-05,Oct 5,v5,"New rules: upside ÷ risk, small caps first",pipeline,2026-10-05 21:19,67,OKLO,Oklo,watchlist,filtered,USD,35.97,35.97,51.2932,2026-10-05,36.43,36.43,2026-10-07,1.28,63,watchlist,,
2026-10-05,2026-10-05,Oct 5,v5,"New rules: upside ÷ risk, small caps first",pipeline,2026-10-05 21:19,68,UUUU,Energy Fuels,watchlist,filtered,USD,10.82,10.82,15.4293,2026-10-05,10.2901,10.2901,2026-10-07,-4.9,64,watchlist,,
2026-10-05,2026-10-05,Oct 5,v5,"New rules: upside ÷ risk, small caps first",pipeline,2026-10-05 21:19,69,BWXT,BWX Technologies,watchlist,filtered,USD,135.35,135.35,193.0091,2026-10-05,140.615,140.615,2026-10-07,3.89,68,watchlist,,
2026-10-05,2026-10-05,Oct 5,v5,"New rules: upside ÷ risk, small caps first",pipeline,2026-10-05 21:19,70,MSTR,Strategy (MicroStrategy),watchlist,filtered,USD,164.43,164.43,234.4772,2026-10-05,155.73,155.73,2026-10-07,-5.29,70,watchlist,,
2026-10-05,2026-10-05,Oct 5,v5,"New rules: upside ÷ risk, small caps first",pipeline,2026-10-05 21:19,71,000660.KS,SK hynix,watchlist,filtered,KRW,1802000.0,1340.1955,1911.1187,2026-10-05,1723000.0,1287.0504,2026-10-07,-4.38,71,watchlist,,
2026-10-04,2026-10-04,Oct 4,v5,"New rules: upside ÷ risk, small caps first",git gh-pages 0c85d65,2026-10-04 21:21,1,LWLG,Lightwave Logic,main,confirmed,USD,5.7,5.7,8.1282,2026-10-02,5.3286,5.3286,2026-10-07,-6.52,1,main,True,
2026-10-04,2026-10-04,Oct 4,v5,"New rules: upside ÷ risk, small caps first",git gh-pages 0c85d65,2026-10-04 21:21,2,AAOI,Applied Optoelectronics,main,confirmed,USD,115.59,115.59,164.8313,2026-10-02,120.955,120.955,2026-10-07,4.64,8,main,True,
2026-10-04,2026-10-04,Oct 4,v5,"New rules: upside ÷ risk, small caps first",git gh-pages 0c85d65,2026-10-04 21:21,3,3006.TW,Elite Semiconductor Memory Technology (ESMT),main,confirmed,TWD,269.0,8.4711,12.0798,2026-10-04,270.5,8.4945,2026-10-07,0.56,69,watchlist,False,
2026-10-04,2026-10-04,Oct 4,v5,"New rules: upside ÷ risk, small caps first",git gh-pages 0c85d65,2026-10-04 21:21,4,IQE.L,IQE plc,main,confirmed,GBp,54.8,0.7252,1.0341,2026-10-02,54.2,0.7161,2026-10-07,-1.09,5,main,True,
2026-10-04,2026-10-04,Oct 4,v5,"New rules: upside ÷ risk, small caps first",git gh-pages 0c85d65,2026-10-04 21:21,5,STLA,Stellantis,main,confirmed,USD,4.4,4.4,6.2744,2026-10-02,4.625,4.625,2026-10-07,5.11,2,main,True,
2026-10-04,2026-10-04,Oct 4,v5,"New rules: upside ÷ risk, small caps first",git gh-pages 0c85d65,2026-10-04 21:21,6,FN,Fabrinet,main,confirmed,USD,463.69,463.69,661.2219,2026-10-02,486.75,486.75,2026-10-07,4.97,3,main,True,
2026-10-04,2026-10-04,Oct 4,v5,"New rules: upside ÷ risk, small caps first",git gh-pages 0c85d65,2026-10-04 21:21,7,CEG,Constellation Energy,main,confirmed,USD,257.49,257.49,367.1807,2026-10-02,295.52,295.52,2026-10-07,14.77,9,main,True,
2026-10-04,2026-10-04,Oct 4,v5,"New rules: upside ÷ risk, small caps first",git gh-pages 0c85d65,2026-10-04 21:21,8,AXTI,AXT Inc,main,confirmed,USD,85.87,85.87,122.4506,2026-10-02,81.045,81.045,2026-10-07,-5.62,7,main,True,
2026-10-04,2026-10-04,Oct 4,v5,"New rules: upside ÷ risk, small caps first",git gh-pages 0c85d65,2026-10-04 21:21,9,CRDO,Credo Technology,main,confirmed,USD,218.64,218.64,311.7806,2026-10-02,213.84,213.84,2026-10-07,-2.2,10,main,True,
2026-10-04,2026-10-04,Oct 4,v5,"New rules: upside ÷ risk, small caps first",git gh-pages 0c85d65,2026-10-04 21:21,10,TSEM,Tower Semiconductor,main,confirmed,USD,240.86,240.86,343.4664,2026-10-02,245.325,245.325,2026-10-07,1.85,12,main,False,
2026-10-04,2026-10-04,Oct 4,v5,"New rules: upside ÷ risk, small caps first",git gh-pages 0c85d65,2026-10-04 21:21,11,COHR,Coherent,main,confirmed,USD,337.04,337.04,480.619,2026-10-02,324.9,324.9,2026-10-07,-3.6,11,main,,
2026-10-04,2026-10-04,Oct 4,v5,"New rules: upside ÷ risk, small caps first",git gh-pages 0c85d65,2026-10-04 21:21,12,LITE,Lumentum,main,confirmed,USD,1085.42,1085.42,1547.8089,2026-10-02,1101.595,1101.595,2026-10-07,1.49,13,main,,
2026-10-04,2026-10-04,Oct 4,v5,"New rules: upside ÷ risk, small caps first",git gh-pages 0c85d65,2026-10-04 21:21,13,BE,Bloom Energy,main,confirmed,USD,289.15,289.15,412.3279,2026-10-02,287.44,287.44,2026-10-07,-0.59,14,main,,
2026-10-04,2026-10-04,Oct 4,v5,"New rules: upside ÷ risk, small caps first",git gh-pages 0c85d65,2026-10-04 21:21,14,CRML,Critical Metals Corp,main,waiting,USD,7.03,7.03,10.0248,2026-10-02,7.145,7.145,2026-10-07,1.64,16,main,,
2026-10-04,2026-10-04,Oct 4,v5,"New rules: upside ÷ risk, small caps first",git gh-pages 0c85d65,2026-10-04 21:21,15,AMPX,Amprius Technologies,main,waiting,USD,,,,,8.95,8.95,2026-10-07,,17,main,,
2026-10-04,2026-10-04,Oct 4,v5,"New rules: upside ÷ risk, small caps first",git gh-pages 0c85d65,2026-10-04 21:21,16,SIVE.ST,Sivers Semiconductors,main,waiting,SEK,33.28,3.3137,4.7253,2026-10-02,34.28,3.4175,2026-10-07,3.0,15,main,,
2026-10-04,2026-10-04,Oct 4,v5,"New rules: upside ÷ risk, small caps first",git gh-pages 0c85d65,2026-10-04 21:21,17,POET,POET Technologies,main,waiting,USD,7.79,7.79,11.1085,2026-10-02,7.34,7.34,2026-10-07,-5.78,25,main,,
2026-10-04,2026-10-04,Oct 4,v5,"New rules: upside ÷ risk, small caps first",git gh-pages 0c85d65,2026-10-04 21:21,18,NNE,NANO Nuclear Energy,main,waiting,USD,,,,,15.79,15.79,2026-10-07,,18,main,,
2026-10-04,2026-10-04,Oct 4,v5,"New rules: upside ÷ risk, small caps first",git gh-pages 0c85d65,2026-10-04 21:21,19,UAMY,United States Antimony,main,waiting,USD,,,,,3.825,3.825,2026-10-07,,19,main,,
2026-10-04,2026-10-04,Oct 4,v5,"New rules: upside ÷ risk, small caps first",git gh-pages 0c85d65,2026-10-04 21:21,20,ASPI,ASP Isotopes,main,waiting,USD,,,,,2.735,2.735,2026-10-07,,21,main,,
2026-10-04,2026-10-04,Oct 4,v5,"New rules: upside ÷ risk, small caps first",git gh-pages 0c85d65,2026-10-04 21:21,21,TMQ,Trilogy Metals,main,waiting,USD,3.09,3.09,4.4063,2026-10-02,2.86,2.86,2026-10-07,-7.44,20,main,,
2026-10-04,2026-10-04,Oct 4,v5,"New rules: upside ÷ risk, small caps first",git gh-pages 0c85d65,2026-10-04 21:21,22,OLN,Olin Corporation,main,waiting,USD,15.9,15.9,22.6734,2026-10-02,15.8604,15.8604,2026-10-07,-0.25,22,main,,
2026-10-04,2026-10-04,Oct 4,v5,"New rules: upside ÷ risk, small caps first",git gh-pages 0c85d65,2026-10-04 21:21,23,RCAT,Red Cat Holdings,main,waiting,USD,,,,,6.01,6.01,2026-10-07,,23,main,,
2026-10-04,2026-10-04,Oct 4,v5,"New rules: upside ÷ risk, small caps first",git gh-pages 0c85d65,2026-10-04 21:21,24,NVTS,Navitas Semiconductor,main,waiting,USD,12.4,12.4,17.6824,2026-10-02,11.165,11.165,2026-10-07,-9.96,26,main,,
2026-10-04,2026-10-04,Oct 4,v5,"New rules: upside ÷ risk, small caps first",git gh-pages 0c85d65,2026-10-04 21:21,25,LAC,Lithium Americas,main,waiting,USD,2.55,2.55,3.6363,2026-10-02,2.41,2.41,2026-10-07,-5.49,24,main,,
2026-10-04,2026-10-04,Oct 4,v5,"New rules: upside ÷ risk, small caps first",git gh-pages 0c85d65,2026-10-04 21:21,26,USAR,USA Rare Earth,main,waiting,USD,13.59,13.59,19.3793,2026-10-02,13.135,13.135,2026-10-07,-3.35,27,main,,
2026-10-04,2026-10-04,Oct 4,v5,"New rules: upside ÷ risk, small caps first",git gh-pages 0c85d65,2026-10-04 21:21,27,MP,MP Materials,main,waiting,USD,46.97,46.97,66.9792,2026-10-02,45.77,45.77,2026-10-07,-2.55,28,main,,
2026-10-04,2026-10-04,Oct 4,v5,"New rules: upside ÷ risk, small caps first",git gh-pages 0c85d65,2026-10-04 21:21,28,KTOS,Kratos Defense,main,waiting,USD,,,,,41.675,41.675,2026-10-07,,29,main,,
2026-10-04,2026-10-04,Oct 4,v5,"New rules: upside ÷ risk, small caps first",git gh-pages 0c85d65,2026-10-04 21:21,29,RGTI,Rigetti Computing,main,waiting,USD,15.25,15.25,21.7465,2026-10-02,14.535,14.535,2026-10-07,-4.69,30,main,,
2026-10-04,2026-10-04,Oct 4,v5,"New rules: upside ÷ risk, small caps first",git gh-pages 0c85d65,2026-10-04 21:21,30,QBTS,D-Wave Quantum,main,waiting,USD,15.77,15.77,22.488,2026-10-02,15.035,15.035,2026-10-07,-4.66,66,watchlist,,
2026-10-04,2026-10-04,Oct 4,v5,"New rules: upside ÷ risk, small caps first",git gh-pages 0c85d65,2026-10-04 21:21,31,INFQ,Infleqtion,main,waiting,USD,13.15,13.15,18.7519,2026-10-02,11.585,11.585,2026-10-07,-11.9,67,watchlist,,
2026-10-04,2026-10-04,Oct 4,v5,"New rules: upside ÷ risk, small caps first",git gh-pages 0c85d65,2026-10-04 21:21,32,ERO,Ero Copper,main,waiting,USD,37.91,37.91,54.0597,2026-10-02,36.79,36.79,2026-10-07,-2.95,31,main,,
2026-10-04,2026-10-04,Oct 4,v5,"New rules: upside ÷ risk, small caps first",git gh-pages 0c85d65,2026-10-04 21:21,33,SCR.TO,Strathcona Resources,main,waiting,CAD,39.38,27.6157,39.38,2026-10-02,40.13,28.1464,2026-10-07,1.9,32,main,,
2026-10-04,2026-10-04,Oct 4,v5,"New rules: upside ÷ risk, small caps first",git gh-pages 0c85d65,2026-10-04 21:21,34,CS.TO,Capstone Copper,main,waiting,CAD,14.43,10.1192,14.43,2026-10-02,14.02,9.8334,2026-10-07,-2.84,33,main,,
2026-10-04,2026-10-04,Oct 4,v5,"New rules: upside ÷ risk, small caps first",git gh-pages 0c85d65,2026-10-04 21:21,35,AKAM,Akamai,main,waiting,USD,108.92,108.92,155.3199,2026-10-02,104.39,104.39,2026-10-07,-4.16,35,main,,
2026-10-04,2026-10-04,Oct 4,v5,"New rules: upside ÷ risk, small caps first",git gh-pages 0c85d65,2026-10-04 21:21,36,PEY.TO,Peyto Exploration,main,waiting,CAD,23.41,16.4165,23.41,2026-10-02,23.64,16.5806,2026-10-07,0.98,34,main,,
2026-10-04,2026-10-04,Oct 4,v5,"New rules: upside ÷ risk, small caps first",git gh-pages 0c85d65,2026-10-04 21:21,37,VST,Vistra,main,waiting,USD,140.02,140.02,199.6685,2026-10-02,164.66,164.66,2026-10-07,17.6,6,main,,
2026-10-04,2026-10-04,Oct 4,v5,"New rules: upside ÷ risk, small caps first",git gh-pages 0c85d65,2026-10-04 21:21,38,CCJ,Cameco,main,waiting,USD,,,,,89.335,89.335,2026-10-07,,4,main,,
2026-10-04,2026-10-04,Oct 4,v5,"New rules: upside ÷ risk, small caps first",git gh-pages 0c85d65,2026-10-04 21:21,39,HBM,Hudbay Minerals,main,waiting,USD,27.2,27.2,38.7872,2026-10-02,25.945,25.945,2026-10-07,-4.61,43,main,,
2026-10-04,2026-10-04,Oct 4,v5,"New rules: upside ÷ risk, small caps first",git gh-pages 0c85d65,2026-10-04 21:21,40,LHX,L3Harris,main,waiting,USD,236.6,236.6,337.3916,2026-10-02,234.0825,234.0825,2026-10-07,-1.06,36,main,,
2026-10-04,2026-10-04,Oct 4,v5,"New rules: upside ÷ risk, small caps first",git gh-pages 0c85d65,2026-10-04 21:21,41,TOU.TO,Tourmaline Oil,main,waiting,CAD,61.99,43.4712,61.99,2026-10-02,62.28,43.682,2026-10-07,0.47,39,main,,
2026-10-04,2026-10-04,Oct 4,v5,"New rules: upside ÷ risk, small caps first",git gh-pages 0c85d65,2026-10-04 21:21,42,TECK,Teck Resources,main,waiting,USD,68.56,68.56,97.7666,2026-10-02,65.28,65.28,2026-10-07,-4.78,53,main,,
2026-10-04,2026-10-04,Oct 4,v5,"New rules: upside ÷ risk, small caps first",git gh-pages 0c85d65,2026-10-04 21:21,43,LMT,Lockheed Martin,main,waiting,USD,505.41,505.41,720.7147,2026-10-02,502.2672,502.2672,2026-10-07,-0.62,38,main,,
2026-10-04,2026-10-04,Oct 4,v5,"New rules: upside ÷ risk, small caps first",git gh-pages 0c85d65,2026-10-04 21:21,44,SCCO,Southern Copper,main,waiting,USD,205.54,205.54,293.1,2026-10-02,199.365,199.365,2026-10-07,-3.0,46,main,,
2026-10-04,2026-10-04,Oct 4,v5,"New rules: upside ÷ risk, small caps first",git gh-pages 0c85d65,2026-10-04 21:21,45,ARX.TO,ARC Resources,main,waiting,CAD,33.91,23.7798,33.91,2026-09-09,33.91,23.7838,2026-09-09,0.0,41,main,,
2026-10-04,2026-10-04,Oct 4,v5,"New rules: upside ÷ risk, small caps first",git gh-pages 0c85d65,2026-10-04 21:21,46,BN,Brookfield Corp,main,waiting,USD,36.92,36.92,52.6479,2026-10-02,36.865,36.865,2026-10-07,-0.15,40,main,,
2026-10-04,2026-10-04,Oct 4,v5,"New rules: upside ÷ risk, small caps first",git gh-pages 0c85d65,2026-10-04 21:21,47,FCX,Freeport-McMoRan,main,waiting,USD,72.04,72.04,102.729,2026-10-02,71.48,71.48,2026-10-07,-0.78,45,main,,
2026-10-04,2026-10-04,Oct 4,v5,"New rules: upside ÷ risk, small caps first",git gh-pages 0c85d65,2026-10-04 21:21,48,GM,General Motors,main,waiting,USD,78.27,78.27,111.613,2026-10-02,80.97,80.97,2026-10-07,3.45,42,main,,
2026-10-04,2026-10-04,Oct 4,v5,"New rules: upside ÷ risk, small caps first",git gh-pages 0c85d65,2026-10-04 21:21,49,CVE.TO,Cenovus Energy,main,waiting,CAD,46.25,32.4334,46.25,2026-10-02,43.87,30.7696,2026-10-07,-5.15,50,main,,
2026-10-04,2026-10-04,Oct 4,v5,"New rules: upside ÷ risk, small caps first",git gh-pages 0c85d65,2026-10-04 21:21,50,SU.TO,Suncor Energy,main,waiting,CAD,99.15,69.5302,99.15,2026-10-02,97.18,68.1601,2026-10-07,-1.99,44,main,,
2026-10-04,2026-10-04,Oct 4,v5,"New rules: upside ÷ risk, small caps first",git gh-pages 0c85d65,2026-10-04 21:21,51,CNQ.TO,Canadian Natural Resources,main,waiting,CAD,69.1,48.4572,69.1,2026-10-02,67.72,47.4975,2026-10-07,-2.0,51,main,,
2026-10-04,2026-10-04,Oct 4,v5,"New rules: upside ÷ risk, small caps first",git gh-pages 0c85d65,2026-10-04 21:21,52,F,Ford,main,waiting,USD,12.1,12.1,17.2546,2026-10-02,12.07,12.07,2026-10-07,-0.25,47,main,,
2026-10-04,2026-10-04,Oct 4,v5,"New rules: upside ÷ risk, small caps first",git gh-pages 0c85d65,2026-10-04 21:21,53,PPL.TO,Pembina Pipeline,main,waiting,CAD,65.46,45.9046,65.46,2026-10-02,65.33,45.8212,2026-10-07,-0.2,37,main,,
2026-10-04,2026-10-04,Oct 4,v5,"New rules: upside ÷ risk, small caps first",git gh-pages 0c85d65,2026-10-04 21:21,54,TRP.TO,TC Energy,main,waiting,CAD,84.31,59.1234,84.31,2026-10-02,84.27,59.1053,2026-10-07,-0.05,48,main,,
2026-10-04,2026-10-04,Oct 4,v5,"New rules: upside ÷ risk, small caps first",git gh-pages 0c85d65,2026-10-04 21:21,55,BAM,Brookfield Asset Management,main,waiting,USD,44.85,44.85,63.9561,2026-10-02,44.39,44.39,2026-10-07,-1.03,49,main,,
2026-10-04,2026-10-04,Oct 4,v5,"New rules: upside ÷ risk, small caps first",git gh-pages 0c85d65,2026-10-04 21:21,56,TRP,TC Energy,main,waiting,USD,59.07,59.07,84.2338,2026-10-02,59.0803,59.0803,2026-10-07,0.02,52,main,,
2026-10-04,2026-10-04,Oct 4,v5,"New rules: upside ÷ risk, small caps first",git gh-pages 0c85d65,2026-10-04 21:21,57,005930.KS,Samsung Electronics,large caps,confirmed,KRW,276000.0,205.9087,293.6258,2026-10-02,268500.0,200.5647,2026-10-07,-2.72,54,large caps,,
2026-10-04,2026-10-04,Oct 4,v5,"New rules: upside ÷ risk, small caps first",git gh-pages 0c85d65,2026-10-04 21:21,58,SPCX,SpaceX,large caps,confirmed,USD,158.96,158.96,226.677,2026-10-02,168.2255,168.2255,2026-10-07,5.83,56,large caps,,
2026-10-04,2026-10-04,Oct 4,v5,"New rules: upside ÷ risk, small caps first",git gh-pages 0c85d65,2026-10-04 21:21,59,MU,Micron,large caps,confirmed,USD,1074.89,1074.89,1532.7931,2026-10-02,1078.385,1078.385,2026-10-07,0.33,55,large caps,,
2026-10-04,2026-10-04,Oct 4,v5,"New rules: upside ÷ risk, small caps first",git gh-pages 0c85d65,2026-10-04 21:21,60,GEV,GE Vernova,large caps,confirmed,USD,988.7,988.7,1409.8862,2026-10-02,997.0,997.0,2026-10-07,0.84,58,large caps,,
2026-10-04,2026-10-04,Oct 4,v5,"New rules: upside ÷ risk, small caps first",git gh-pages 0c85d65,2026-10-04 21:21,61,PLTR,Palantir,large caps,confirmed,USD,188.75,188.75,269.1575,2026-10-02,193.1,193.1,2026-10-07,2.3,59,large caps,,
2026-10-04,2026-10-04,Oct 4,v5,"New rules: upside ÷ risk, small caps first",git gh-pages 0c85d65,2026-10-04 21:21,62,LRCX,Lam Research,large caps,confirmed,USD,347.49,347.49,495.5207,2026-10-02,327.71,327.71,2026-10-07,-5.69,57,large caps,,
2026-10-04,2026-10-04,Oct 4,v5,"New rules: upside ÷ risk, small caps first",git gh-pages 0c85d65,2026-10-04 21:21,63,RTX,RTX,large caps,waiting,USD,184.68,184.68,263.3537,2026-10-02,180.825,180.825,2026-10-07,-2.09,60,large caps,,
2026-10-04,2026-10-04,Oct 4,v5,"New rules: upside ÷ risk, small caps first",git gh-pages 0c85d65,2026-10-04 21:21,64,PGLD.V,PGLD (TSXV),watchlist,filtered,CAD,1.51,1.0589,1.51,2026-10-02,1.41,0.9889,2026-10-07,-6.62,61,watchlist,,
2026-10-04,2026-10-04,Oct 4,v5,"New rules: upside ÷ risk, small caps first",git gh-pages 0c85d65,2026-10-04 21:21,65,CYPH,Cypherpunk Technologies (CYPH),watchlist,filtered,USD,3.03,3.03,4.3208,2026-10-02,3.0473,3.0473,2026-10-07,0.57,62,watchlist,,
2026-10-04,2026-10-04,Oct 4,v5,"New rules: upside ÷ risk, small caps first",git gh-pages 0c85d65,2026-10-04 21:21,66,ASST,Strive (ASST),watchlist,filtered,USD,30.03,30.03,42.8228,2026-10-02,28.42,28.42,2026-10-07,-5.36,65,watchlist,,
2026-10-04,2026-10-04,Oct 4,v5,"New rules: upside ÷ risk, small caps first",git gh-pages 0c85d65,2026-10-04 21:21,67,OKLO,Oklo,watchlist,filtered,USD,35.87,35.87,51.1506,2026-10-02,36.43,36.43,2026-10-07,1.56,63,watchlist,,
2026-10-04,2026-10-04,Oct 4,v5,"New rules: upside ÷ risk, small caps first",git gh-pages 0c85d65,2026-10-04 21:21,68,UUUU,Energy Fuels,watchlist,filtered,USD,10.73,10.73,15.301,2026-10-02,10.2901,10.2901,2026-10-07,-4.1,64,watchlist,,
2026-10-04,2026-10-04,Oct 4,v5,"New rules: upside ÷ risk, small caps first",git gh-pages 0c85d65,2026-10-04 21:21,69,BWXT,BWX Technologies,watchlist,filtered,USD,134.86,134.86,192.3104,2026-10-02,140.615,140.615,2026-10-07,4.27,68,watchlist,,
2026-10-04,2026-10-04,Oct 4,v5,"New rules: upside ÷ risk, small caps first",git gh-pages 0c85d65,2026-10-04 21:21,70,MSTR,Strategy (MicroStrategy),watchlist,filtered,USD,160.01,160.01,228.1743,2026-10-02,155.73,155.73,2026-10-07,-2.67,70,watchlist,,
2026-10-04,2026-10-04,Oct 4,v5,"New rules: upside ÷ risk, small caps first",git gh-pages 0c85d65,2026-10-04 21:21,71,000660.KS,SK hynix,watchlist,filtered,KRW,1841000.0,1373.4706,1958.5691,2026-10-02,1723000.0,1287.0504,2026-10-07,-6.41,71,watchlist,,
2026-10-03,2026-10-03,Oct 3,v5,"New rules: upside ÷ risk, small caps first",git gh-pages 894aff2,2026-10-03 21:24,1,LWLG,Lightwave Logic,main,confirmed,USD,5.7,5.7,8.1208,2026-10-02,5.3286,5.3286,2026-10-07,-6.52,1,main,True,
2026-10-03,2026-10-03,Oct 3,v5,"New rules: upside ÷ risk, small caps first",git gh-pages 894aff2,2026-10-03 21:24,2,AAOI,Applied Optoelectronics,main,confirmed,USD,115.59,115.59,164.6811,2026-10-02,120.955,120.955,2026-10-07,4.64,8,main,True,
2026-10-03,2026-10-03,Oct 3,v5,"New rules: upside ÷ risk, small caps first",git gh-pages 894aff2,2026-10-03 21:24,3,IQE.L,IQE plc,main,confirmed,GBp,54.8,0.7256,1.0337,2026-10-02,54.2,0.7161,2026-10-07,-1.09,5,main,True,True
2026-10-03,2026-10-03,Oct 3,v5,"New rules: upside ÷ risk, small caps first",git gh-pages 894aff2,2026-10-03 21:24,4,STLA,Stellantis,main,confirmed,USD,4.4,4.4,6.2687,2026-10-02,4.625,4.625,2026-10-07,5.11,2,main,True,
2026-10-03,2026-10-03,Oct 3,v5,"New rules: upside ÷ risk, small caps first",git gh-pages 894aff2,2026-10-03 21:24,5,FN,Fabrinet,main,confirmed,USD,463.69,463.69,660.6192,2026-10-02,486.75,486.75,2026-10-07,4.97,3,main,True,
2026-10-03,2026-10-03,Oct 3,v5,"New rules: upside ÷ risk, small caps first",git gh-pages 894aff2,2026-10-03 21:24,6,CEG,Constellation Energy,main,confirmed,USD,257.49,257.49,366.846,2026-10-02,295.52,295.52,2026-10-07,14.77,9,main,True,
2026-10-03,2026-10-03,Oct 3,v5,"New rules: upside ÷ risk, small caps first",git gh-pages 894aff2,2026-10-03 21:24,7,AXTI,AXT Inc,main,confirmed,USD,85.87,85.87,122.339,2026-10-02,81.045,81.045,2026-10-07,-5.62,7,main,True,
2026-10-03,2026-10-03,Oct 3,v5,"New rules: upside ÷ risk, small caps first",git gh-pages 894aff2,2026-10-03 21:24,8,CRDO,Credo Technology,main,confirmed,USD,218.64,218.64,311.4964,2026-10-02,213.84,213.84,2026-10-07,-2.2,10,main,True,
2026-10-03,2026-10-03,Oct 3,v5,"New rules: upside ÷ risk, small caps first",git gh-pages 894aff2,2026-10-03 21:24,9,TSEM,Tower Semiconductor,main,confirmed,USD,240.86,240.86,343.1532,2026-10-02,245.325,245.325,2026-10-07,1.85,12,main,False,
2026-10-03,2026-10-03,Oct 3,v5,"New rules: upside ÷ risk, small caps first",git gh-pages 894aff2,2026-10-03 21:24,10,3006.TW,Elite Semiconductor Memory Technology (ESMT),main,confirmed,TWD,285.5,8.9791,12.7925,2026-10-02,270.5,8.4945,2026-10-07,-5.25,69,watchlist,False,
2026-10-03,2026-10-03,Oct 3,v5,"New rules: upside ÷ risk, small caps first",git gh-pages 894aff2,2026-10-03 21:24,11,COHR,Coherent,main,confirmed,USD,337.04,337.04,480.1809,2026-10-02,324.9,324.9,2026-10-07,-3.6,11,main,,
2026-10-03,2026-10-03,Oct 3,v5,"New rules: upside ÷ risk, small caps first",git gh-pages 894aff2,2026-10-03 21:24,12,LITE,Lumentum,main,confirmed,USD,1085.42,1085.42,1546.3979,2026-10-02,1101.595,1101.595,2026-10-07,1.49,13,main,,
2026-10-03,2026-10-03,Oct 3,v5,"New rules: upside ÷ risk, small caps first",git gh-pages 894aff2,2026-10-03 21:24,13,BE,Bloom Energy,main,confirmed,USD,289.15,289.15,411.952,2026-10-02,287.44,287.44,2026-10-07,-0.59,14,main,,
2026-10-03,2026-10-03,Oct 3,v5,"New rules: upside ÷ risk, small caps first",git gh-pages 894aff2,2026-10-03 21:24,14,CRML,Critical Metals Corp,main,waiting,USD,7.03,7.03,10.0156,2026-10-02,7.145,7.145,2026-10-07,1.64,16,main,,
2026-10-03,2026-10-03,Oct 3,v5,"New rules: upside ÷ risk, small caps first",git gh-pages 894aff2,2026-10-03 21:24,15,AMPX,Amprius Technologies,main,waiting,USD,,,,,8.95,8.95,2026-10-07,,17,main,,
2026-10-03,2026-10-03,Oct 3,v5,"New rules: upside ÷ risk, small caps first",git gh-pages 894aff2,2026-10-03 21:24,16,SIVE.ST,Sivers Semiconductors,main,waiting,SEK,33.28,3.3139,4.7214,2026-10-02,34.28,3.4175,2026-10-07,3.0,15,main,,
2026-10-03,2026-10-03,Oct 3,v5,"New rules: upside ÷ risk, small caps first",git gh-pages 894aff2,2026-10-03 21:24,17,POET,POET Technologies,main,waiting,USD,7.79,7.79,11.0984,2026-10-02,7.34,7.34,2026-10-07,-5.78,25,main,,
2026-10-03,2026-10-03,Oct 3,v5,"New rules: upside ÷ risk, small caps first",git gh-pages 894aff2,2026-10-03 21:24,18,NNE,NANO Nuclear Energy,main,waiting,USD,,,,,15.79,15.79,2026-10-07,,18,main,,
2026-10-03,2026-10-03,Oct 3,v5,"New rules: upside ÷ risk, small caps first",git gh-pages 894aff2,2026-10-03 21:24,19,UAMY,United States Antimony,main,waiting,USD,,,,,3.825,3.825,2026-10-07,,19,main,,
2026-10-03,2026-10-03,Oct 3,v5,"New rules: upside ÷ risk, small caps first",git gh-pages 894aff2,2026-10-03 21:24,20,ASPI,ASP Isotopes,main,waiting,USD,,,,,2.735,2.735,2026-10-07,,21,main,,
2026-10-03,2026-10-03,Oct 3,v5,"New rules: upside ÷ risk, small caps first",git gh-pages 894aff2,2026-10-03 21:24,21,TMQ,Trilogy Metals,main,waiting,USD,3.09,3.09,4.4023,2026-10-02,2.86,2.86,2026-10-07,-7.44,20,main,,
2026-10-03,2026-10-03,Oct 3,v5,"New rules: upside ÷ risk, small caps first",git gh-pages 894aff2,2026-10-03 21:24,22,OLN,Olin Corporation,main,waiting,USD,15.9,15.9,22.6527,2026-10-02,15.8604,15.8604,2026-10-07,-0.25,22,main,,
2026-10-03,2026-10-03,Oct 3,v5,"New rules: upside ÷ risk, small caps first",git gh-pages 894aff2,2026-10-03 21:24,23,RCAT,Red Cat Holdings,main,waiting,USD,,,,,6.01,6.01,2026-10-07,,23,main,,
2026-10-03,2026-10-03,Oct 3,v5,"New rules: upside ÷ risk, small caps first",git gh-pages 894aff2,2026-10-03 21:24,24,NVTS,Navitas Semiconductor,main,waiting,USD,12.4,12.4,17.6663,2026-10-02,11.165,11.165,2026-10-07,-9.96,26,main,,
2026-10-03,2026-10-03,Oct 3,v5,"New rules: upside ÷ risk, small caps first",git gh-pages 894aff2,2026-10-03 21:24,25,LAC,Lithium Americas,main,waiting,USD,2.55,2.55,3.633,2026-10-02,2.41,2.41,2026-10-07,-5.49,24,main,,
2026-10-03,2026-10-03,Oct 3,v5,"New rules: upside ÷ risk, small caps first",git gh-pages 894aff2,2026-10-03 21:24,26,USAR,USA Rare Earth,main,waiting,USD,13.59,13.59,19.3617,2026-10-02,13.135,13.135,2026-10-07,-3.35,27,main,,
2026-10-03,2026-10-03,Oct 3,v5,"New rules: upside ÷ risk, small caps first",git gh-pages 894aff2,2026-10-03 21:24,27,MP,MP Materials,main,waiting,USD,46.97,46.97,66.9182,2026-10-02,45.77,45.77,2026-10-07,-2.55,28,main,,
2026-10-03,2026-10-03,Oct 3,v5,"New rules: upside ÷ risk, small caps first",git gh-pages 894aff2,2026-10-03 21:24,28,KTOS,Kratos Defense,main,waiting,USD,,,,,41.675,41.675,2026-10-07,,29,main,,
2026-10-03,2026-10-03,Oct 3,v5,"New rules: upside ÷ risk, small caps first",git gh-pages 894aff2,2026-10-03 21:24,29,RGTI,Rigetti Computing,main,waiting,USD,15.25,15.25,21.7267,2026-10-02,14.535,14.535,2026-10-07,-4.69,30,main,,
2026-10-03,2026-10-03,Oct 3,v5,"New rules: upside ÷ risk, small caps first",git gh-pages 894aff2,2026-10-03 21:24,30,QBTS,D-Wave Quantum,main,waiting,USD,15.77,15.77,22.4675,2026-10-02,15.035,15.035,2026-10-07,-4.66,66,watchlist,,
2026-10-03,2026-10-03,Oct 3,v5,"New rules: upside ÷ risk, small caps first",git gh-pages 894aff2,2026-10-03 21:24,31,INFQ,Infleqtion,main,waiting,USD,13.15,13.15,18.7348,2026-10-02,11.585,11.585,2026-10-07,-11.9,67,watchlist,,
2026-10-03,2026-10-03,Oct 3,v5,"New rules: upside ÷ risk, small caps first",git gh-pages 894aff2,2026-10-03 21:24,32,ERO,Ero Copper,main,waiting,USD,37.91,37.91,54.0104,2026-10-02,36.79,36.79,2026-10-07,-2.95,31,main,,
2026-10-03,2026-10-03,Oct 3,v5,"New rules: upside ÷ risk, small caps first",git gh-pages 894aff2,2026-10-03 21:24,33,SCR.TO,Strathcona Resources,main,waiting,CAD,39.38,27.6409,39.38,2026-10-02,40.13,28.1464,2026-10-07,1.9,32,main,,
2026-10-03,2026-10-03,Oct 3,v5,"New rules: upside ÷ risk, small caps first",git gh-pages 894aff2,2026-10-03 21:24,34,CS.TO,Capstone Copper,main,waiting,CAD,14.43,10.1284,14.43,2026-10-02,14.02,9.8334,2026-10-07,-2.84,33,main,,
2026-10-03,2026-10-03,Oct 3,v5,"New rules: upside ÷ risk, small caps first",git gh-pages 894aff2,2026-10-03 21:24,35,AKAM,Akamai,main,waiting,USD,108.92,108.92,155.1783,2026-10-02,104.39,104.39,2026-10-07,-4.16,35,main,,
2026-10-03,2026-10-03,Oct 3,v5,"New rules: upside ÷ risk, small caps first",git gh-pages 894aff2,2026-10-03 21:24,36,PEY.TO,Peyto Exploration,main,waiting,CAD,23.41,16.4315,23.41,2026-10-02,23.64,16.5806,2026-10-07,0.98,34,main,,
2026-10-03,2026-10-03,Oct 3,v5,"New rules: upside ÷ risk, small caps first",git gh-pages 894aff2,2026-10-03 21:24,37,VST,Vistra,main,waiting,USD,140.02,140.02,199.4865,2026-10-02,164.66,164.66,2026-10-07,17.6,6,main,,
2026-10-03,2026-10-03,Oct 3,v5,"New rules: upside ÷ risk, small caps first",git gh-pages 894aff2,2026-10-03 21:24,38,CCJ,Cameco,main,waiting,USD,,,,,89.335,89.335,2026-10-07,,4,main,,
2026-10-03,2026-10-03,Oct 3,v5,"New rules: upside ÷ risk, small caps first",git gh-pages 894aff2,2026-10-03 21:24,39,HBM,Hudbay Minerals,main,waiting,USD,27.2,27.2,38.7518,2026-10-02,25.945,25.945,2026-10-07,-4.61,43,main,,
2026-10-03,2026-10-03,Oct 3,v5,"New rules: upside ÷ risk, small caps first",git gh-pages 894aff2,2026-10-03 21:24,40,LHX,L3Harris,main,waiting,USD,236.6,236.6,337.084,2026-10-02,234.0825,234.0825,2026-10-07,-1.06,36,main,,
2026-10-03,2026-10-03,Oct 3,v5,"New rules: upside ÷ risk, small caps first",git gh-pages 894aff2,2026-10-03 21:24,41,TOU.TO,Tourmaline Oil,main,waiting,CAD,61.99,43.5109,61.99,2026-10-02,62.28,43.682,2026-10-07,0.47,39,main,,
2026-10-03,2026-10-03,Oct 3,v5,"New rules: upside ÷ risk, small caps first",git gh-pages 894aff2,2026-10-03 21:24,42,TECK,Teck Resources,main,waiting,USD,68.56,68.56,97.6774,2026-10-02,65.28,65.28,2026-10-07,-4.78,53,main,,
2026-10-03,2026-10-03,Oct 3,v5,"New rules: upside ÷ risk, small caps first",git gh-pages 894aff2,2026-10-03 21:24,43,LMT,Lockheed Martin,main,waiting,USD,505.41,505.41,720.0576,2026-10-02,502.2672,502.2672,2026-10-07,-0.62,38,main,,
2026-10-03,2026-10-03,Oct 3,v5,"New rules: upside ÷ risk, small caps first",git gh-pages 894aff2,2026-10-03 21:24,44,SCCO,Southern Copper,main,waiting,USD,205.54,205.54,292.8328,2026-10-02,199.365,199.365,2026-10-07,-3.0,46,main,,
2026-10-03,2026-10-03,Oct 3,v5,"New rules: upside ÷ risk, small caps first",git gh-pages 894aff2,2026-10-03 21:24,45,ARX.TO,ARC Resources,main,waiting,CAD,33.91,23.8015,33.91,2026-09-09,33.91,23.7838,2026-09-09,0.0,41,main,,
2026-10-03,2026-10-03,Oct 3,v5,"New rules: upside ÷ risk, small caps first",git gh-pages 894aff2,2026-10-03 21:24,46,BN,Brookfield Corp,main,waiting,USD,36.92,36.92,52.5999,2026-10-02,36.865,36.865,2026-10-07,-0.15,40,main,,
2026-10-03,2026-10-03,Oct 3,v5,"New rules: upside ÷ risk, small caps first",git gh-pages 894aff2,2026-10-03 21:24,47,FCX,Freeport-McMoRan,main,waiting,USD,72.04,72.04,102.6354,2026-10-02,71.48,71.48,2026-10-07,-0.78,45,main,,
2026-10-03,2026-10-03,Oct 3,v5,"New rules: upside ÷ risk, small caps first",git gh-pages 894aff2,2026-10-03 21:24,48,GM,General Motors,main,waiting,USD,78.27,78.27,111.5113,2026-10-02,80.97,80.97,2026-10-07,3.45,42,main,,
2026-10-03,2026-10-03,Oct 3,v5,"New rules: upside ÷ risk, small caps first",git gh-pages 894aff2,2026-10-03 21:24,49,CVE.TO,Cenovus Energy,main,waiting,CAD,46.25,32.463,46.25,2026-10-02,43.87,30.7696,2026-10-07,-5.15,50,main,,
2026-10-03,2026-10-03,Oct 3,v5,"New rules: upside ÷ risk, small caps first",git gh-pages 894aff2,2026-10-03 21:24,50,SU.TO,Suncor Energy,main,waiting,CAD,99.15,69.5936,99.15,2026-10-02,97.18,68.1601,2026-10-07,-1.99,44,main,,
2026-10-03,2026-10-03,Oct 3,v5,"New rules: upside ÷ risk, small caps first",git gh-pages 894aff2,2026-10-03 21:24,51,CNQ.TO,Canadian Natural Resources,main,waiting,CAD,69.1,48.5014,69.1,2026-10-02,67.72,47.4975,2026-10-07,-2.0,51,main,,
2026-10-03,2026-10-03,Oct 3,v5,"New rules: upside ÷ risk, small caps first",git gh-pages 894aff2,2026-10-03 21:24,52,F,Ford,main,waiting,USD,12.1,12.1,17.2389,2026-10-02,12.07,12.07,2026-10-07,-0.25,47,main,,
2026-10-03,2026-10-03,Oct 3,v5,"New rules: upside ÷ risk, small caps first",git gh-pages 894aff2,2026-10-03 21:24,53,PPL.TO,Pembina Pipeline,main,waiting,CAD,65.46,45.9465,65.46,2026-10-02,65.33,45.8212,2026-10-07,-0.2,37,main,,
2026-10-03,2026-10-03,Oct 3,v5,"New rules: upside ÷ risk, small caps first",git gh-pages 894aff2,2026-10-03 21:24,54,TRP.TO,TC Energy,main,waiting,CAD,84.31,59.1774,84.31,2026-10-02,84.27,59.1053,2026-10-07,-0.05,48,main,,
2026-10-03,2026-10-03,Oct 3,v5,"New rules: upside ÷ risk, small caps first",git gh-pages 894aff2,2026-10-03 21:24,55,BAM,Brookfield Asset Management,main,waiting,USD,44.85,44.85,63.8978,2026-10-02,44.39,44.39,2026-10-07,-1.03,49,main,,
2026-10-03,2026-10-03,Oct 3,v5,"New rules: upside ÷ risk, small caps first",git gh-pages 894aff2,2026-10-03 21:24,56,TRP,TC Energy,main,waiting,USD,59.07,59.07,84.157,2026-10-02,59.0803,59.0803,2026-10-07,0.02,52,main,,
2026-10-03,2026-10-03,Oct 3,v5,"New rules: upside ÷ risk, small caps first",git gh-pages 894aff2,2026-10-03 21:24,57,005930.KS,Samsung Electronics,large caps,confirmed,KRW,276000.0,205.5851,292.897,2026-10-02,268500.0,200.5647,2026-10-07,-2.72,54,large caps,,
2026-10-03,2026-10-03,Oct 3,v5,"New rules: upside ÷ risk, small caps first",git gh-pages 894aff2,2026-10-03 21:24,58,SPCX,SpaceX,large caps,confirmed,USD,158.96,158.96,226.4703,2026-10-02,168.2255,168.2255,2026-10-07,5.83,56,large caps,,
2026-10-03,2026-10-03,Oct 3,v5,"New rules: upside ÷ risk, small caps first",git gh-pages 894aff2,2026-10-03 21:24,59,MU,Micron,large caps,confirmed,USD,1074.89,1074.89,1531.3958,2026-10-02,1078.385,1078.385,2026-10-07,0.33,55,large caps,,
2026-10-03,2026-10-03,Oct 3,v5,"New rules: upside ÷ risk, small caps first",git gh-pages 894aff2,2026-10-03 21:24,60,GEV,GE Vernova,large caps,confirmed,USD,988.7,988.7,1408.6009,2026-10-02,997.0,997.0,2026-10-07,0.84,58,large caps,,
2026-10-03,2026-10-03,Oct 3,v5,"New rules: upside ÷ risk, small caps first",git gh-pages 894aff2,2026-10-03 21:24,61,PLTR,Palantir,large caps,confirmed,USD,188.75,188.75,268.9121,2026-10-02,193.1,193.1,2026-10-07,2.3,59,large caps,,
2026-10-03,2026-10-03,Oct 3,v5,"New rules: upside ÷ risk, small caps first",git gh-pages 894aff2,2026-10-03 21:24,62,LRCX,Lam Research,large caps,confirmed,USD,347.49,347.49,495.069,2026-10-02,327.71,327.71,2026-10-07,-5.69,57,large caps,,
2026-10-03,2026-10-03,Oct 3,v5,"New rules: upside ÷ risk, small caps first",git gh-pages 894aff2,2026-10-03 21:24,63,RTX,RTX,large caps,waiting,USD,184.68,184.68,263.1136,2026-10-02,180.825,180.825,2026-10-07,-2.09,60,large caps,,
2026-10-03,2026-10-03,Oct 3,v5,"New rules: upside ÷ risk, small caps first",git gh-pages 894aff2,2026-10-03 21:24,64,PGLD.V,PGLD (TSXV),watchlist,filtered,CAD,1.51,1.0599,1.51,2026-10-02,1.41,0.9889,2026-10-07,-6.62,61,watchlist,,
2026-10-03,2026-10-03,Oct 3,v5,"New rules: upside ÷ risk, small caps first",git gh-pages 894aff2,2026-10-03 21:24,65,CYPH,Cypherpunk Technologies (CYPH),watchlist,filtered,USD,3.03,3.03,4.3168,2026-10-02,3.0473,3.0473,2026-10-07,0.57,62,watchlist,,
2026-10-03,2026-10-03,Oct 3,v5,"New rules: upside ÷ risk, small caps first",git gh-pages 894aff2,2026-10-03 21:24,66,ASST,Strive (ASST),watchlist,filtered,USD,30.03,30.03,42.7837,2026-10-02,28.42,28.42,2026-10-07,-5.36,65,watchlist,,
2026-10-03,2026-10-03,Oct 3,v5,"New rules: upside ÷ risk, small caps first",git gh-pages 894aff2,2026-10-03 21:24,67,OKLO,Oklo,watchlist,filtered,USD,35.87,35.87,51.104,2026-10-02,36.43,36.43,2026-10-07,1.56,63,watchlist,,
2026-10-03,2026-10-03,Oct 3,v5,"New rules: upside ÷ risk, small caps first",git gh-pages 894aff2,2026-10-03 21:24,68,UUUU,Energy Fuels,watchlist,filtered,USD,10.73,10.73,15.287,2026-10-02,10.2901,10.2901,2026-10-07,-4.1,64,watchlist,,
2026-10-03,2026-10-03,Oct 3,v5,"New rules: upside ÷ risk, small caps first",git gh-pages 894aff2,2026-10-03 21:24,69,BWXT,BWX Technologies,watchlist,filtered,USD,134.86,134.86,192.135,2026-10-02,140.615,140.615,2026-10-07,4.27,68,watchlist,,
2026-10-03,2026-10-03,Oct 3,v5,"New rules: upside ÷ risk, small caps first",git gh-pages 894aff2,2026-10-03 21:24,70,MSTR,Strategy (MicroStrategy),watchlist,filtered,USD,160.01,160.01,227.9663,2026-10-02,155.73,155.73,2026-10-07,-2.67,70,watchlist,,
2026-10-03,2026-10-03,Oct 3,v5,"New rules: upside ÷ risk, small caps first",git gh-pages 894aff2,2026-10-03 21:24,71,000660.KS,SK hynix,watchlist,filtered,KRW,1841000.0,1371.312,1953.7082,2026-10-02,1723000.0,1287.0504,2026-10-07,-6.41,71,watchlist,,
2026-10-02,2026-10-02,Oct 2,v5,"New rules: upside ÷ risk, small caps first",git gh-pages 67cf2e0,2026-10-02 23:05,1,LWLG,Lightwave Logic,main,confirmed,USD,5.7,5.7,8.1196,2026-10-02,5.3286,5.3286,2026-10-07,-6.52,1,main,True,True
2026-10-02,2026-10-02,Oct 2,v5,"New rules: upside ÷ risk, small caps first",git gh-pages 67cf2e0,2026-10-02 23:05,2,AAOI,Applied Optoelectronics,main,confirmed,USD,115.59,115.59,164.658,2026-10-02,120.955,120.955,2026-10-07,4.64,8,main,True,
2026-10-02,2026-10-02,Oct 2,v5,"New rules: upside ÷ risk, small caps first",git gh-pages 67cf2e0,2026-10-02 23:05,3,STLA,Stellantis,main,confirmed,USD,4.4,4.4,6.2678,2026-10-02,4.625,4.625,2026-10-07,5.11,2,main,True,True
2026-10-02,2026-10-02,Oct 2,v5,"New rules: upside ÷ risk, small caps first",git gh-pages 67cf2e0,2026-10-02 23:05,4,FN,Fabrinet,main,confirmed,USD,463.69,463.69,660.5264,2026-10-02,486.75,486.75,2026-10-07,4.97,3,main,True,True
2026-10-02,2026-10-02,Oct 2,v5,"New rules: upside ÷ risk, small caps first",git gh-pages 67cf2e0,2026-10-02 23:05,5,CEG,Constellation Energy,main,confirmed,USD,257.49,257.49,366.7945,2026-10-02,295.52,295.52,2026-10-07,14.77,9,main,True,True
2026-10-02,2026-10-02,Oct 2,v5,"New rules: upside ÷ risk, small caps first",git gh-pages 67cf2e0,2026-10-02 23:05,6,AXTI,AXT Inc,main,confirmed,USD,85.87,85.87,122.3218,2026-10-02,81.045,81.045,2026-10-07,-5.62,7,main,True,True
2026-10-02,2026-10-02,Oct 2,v5,"New rules: upside ÷ risk, small caps first",git gh-pages 67cf2e0,2026-10-02 23:05,7,CRDO,Credo Technology,main,confirmed,USD,218.64,218.64,311.4527,2026-10-02,213.84,213.84,2026-10-07,-2.2,10,main,True,True
2026-10-02,2026-10-02,Oct 2,v5,"New rules: upside ÷ risk, small caps first",git gh-pages 67cf2e0,2026-10-02 23:05,8,TSEM,Tower Semiconductor,main,confirmed,USD,240.86,240.86,343.1051,2026-10-02,245.325,245.325,2026-10-07,1.85,12,main,False,True
2026-10-02,2026-10-02,Oct 2,v5,"New rules: upside ÷ risk, small caps first",git gh-pages 67cf2e0,2026-10-02 23:05,9,3006.TW,Elite Semiconductor Memory Technology (ESMT),main,confirmed,TWD,285.5,8.9791,12.7908,2026-10-02,270.5,8.4945,2026-10-07,-5.25,69,watchlist,False,
2026-10-02,2026-10-02,Oct 2,v5,"New rules: upside ÷ risk, small caps first",git gh-pages 67cf2e0,2026-10-02 23:05,10,COHR,Coherent,main,confirmed,USD,337.04,337.04,480.1135,2026-10-02,324.9,324.9,2026-10-07,-3.6,11,main,False,True
2026-10-02,2026-10-02,Oct 2,v5,"New rules: upside ÷ risk, small caps first",git gh-pages 67cf2e0,2026-10-02 23:05,11,LITE,Lumentum,main,confirmed,USD,1085.42,1085.42,1546.1808,2026-10-02,1101.595,1101.595,2026-10-07,1.49,13,main,,
2026-10-02,2026-10-02,Oct 2,v5,"New rules: upside ÷ risk, small caps first",git gh-pages 67cf2e0,2026-10-02 23:05,12,BE,Bloom Energy,main,confirmed,USD,289.15,289.15,411.8942,2026-10-02,287.44,287.44,2026-10-07,-0.59,14,main,,
2026-10-02,2026-10-02,Oct 2,v5,"New rules: upside ÷ risk, small caps first",git gh-pages 67cf2e0,2026-10-02 23:05,13,CRML,Critical Metals Corp,main,waiting,USD,7.03,7.03,10.0142,2026-10-02,7.145,7.145,2026-10-07,1.64,16,main,,
2026-10-02,2026-10-02,Oct 2,v5,"New rules: upside ÷ risk, small caps first",git gh-pages 67cf2e0,2026-10-02 23:05,14,AMPX,Amprius Technologies,main,waiting,USD,,,,,8.95,8.95,2026-10-07,,17,main,,
2026-10-02,2026-10-02,Oct 2,v5,"New rules: upside ÷ risk, small caps first",git gh-pages 67cf2e0,2026-10-02 23:05,15,SIVE.ST,Sivers Semiconductors,main,waiting,SEK,33.28,3.3139,4.7207,2026-10-02,34.28,3.4175,2026-10-07,3.0,15,main,,
2026-10-02,2026-10-02,Oct 2,v5,"New rules: upside ÷ risk, small caps first",git gh-pages 67cf2e0,2026-10-02 23:05,16,POET,POET Technologies,main,waiting,USD,7.79,7.79,11.0969,2026-10-02,7.34,7.34,2026-10-07,-5.78,25,main,,
2026-10-02,2026-10-02,Oct 2,v5,"New rules: upside ÷ risk, small caps first",git gh-pages 67cf2e0,2026-10-02 23:05,17,NNE,NANO Nuclear Energy,main,waiting,USD,,,,,15.79,15.79,2026-10-07,,18,main,,
2026-10-02,2026-10-02,Oct 2,v5,"New rules: upside ÷ risk, small caps first",git gh-pages 67cf2e0,2026-10-02 23:05,18,UAMY,United States Antimony,main,waiting,USD,,,,,3.825,3.825,2026-10-07,,19,main,,
2026-10-02,2026-10-02,Oct 2,v5,"New rules: upside ÷ risk, small caps first",git gh-pages 67cf2e0,2026-10-02 23:05,19,ASPI,ASP Isotopes,main,waiting,USD,,,,,2.735,2.735,2026-10-07,,21,main,,
2026-10-02,2026-10-02,Oct 2,v5,"New rules: upside ÷ risk, small caps first",git gh-pages 67cf2e0,2026-10-02 23:05,20,TMQ,Trilogy Metals,main,waiting,USD,3.09,3.09,4.4017,2026-10-02,2.86,2.86,2026-10-07,-7.44,20,main,,
2026-10-02,2026-10-02,Oct 2,v5,"New rules: upside ÷ risk, small caps first",git gh-pages 67cf2e0,2026-10-02 23:05,21,OLN,Olin Corporation,main,waiting,USD,15.9,15.9,22.6495,2026-10-02,15.8604,15.8604,2026-10-07,-0.25,22,main,,
2026-10-02,2026-10-02,Oct 2,v5,"New rules: upside ÷ risk, small caps first",git gh-pages 67cf2e0,2026-10-02 23:05,22,IQE.L,IQE plc,main,waiting,GBp,54.8,0.7256,1.0336,2026-10-02,54.2,0.7161,2026-10-07,-1.09,5,main,,
2026-10-02,2026-10-02,Oct 2,v5,"New rules: upside ÷ risk, small caps first",git gh-pages 67cf2e0,2026-10-02 23:05,23,RCAT,Red Cat Holdings,main,waiting,USD,,,,,6.01,6.01,2026-10-07,,23,main,,
2026-10-02,2026-10-02,Oct 2,v5,"New rules: upside ÷ risk, small caps first",git gh-pages 67cf2e0,2026-10-02 23:05,24,NVTS,Navitas Semiconductor,main,waiting,USD,12.4,12.4,17.6638,2026-10-02,11.165,11.165,2026-10-07,-9.96,26,main,,
2026-10-02,2026-10-02,Oct 2,v5,"New rules: upside ÷ risk, small caps first",git gh-pages 67cf2e0,2026-10-02 23:05,25,LAC,Lithium Americas,main,waiting,USD,2.55,2.55,3.6325,2026-10-02,2.41,2.41,2026-10-07,-5.49,24,main,,
2026-10-02,2026-10-02,Oct 2,v5,"New rules: upside ÷ risk, small caps first",git gh-pages 67cf2e0,2026-10-02 23:05,26,USAR,USA Rare Earth,main,waiting,USD,13.59,13.59,19.359,2026-10-02,13.135,13.135,2026-10-07,-3.35,27,main,,
2026-10-02,2026-10-02,Oct 2,v5,"New rules: upside ÷ risk, small caps first",git gh-pages 67cf2e0,2026-10-02 23:05,27,MP,MP Materials,main,waiting,USD,46.97,46.97,66.9088,2026-10-02,45.77,45.77,2026-10-07,-2.55,28,main,,
2026-10-02,2026-10-02,Oct 2,v5,"New rules: upside ÷ risk, small caps first",git gh-pages 67cf2e0,2026-10-02 23:05,28,KTOS,Kratos Defense,main,waiting,USD,,,,,41.675,41.675,2026-10-07,,29,main,,
2026-10-02,2026-10-02,Oct 2,v5,"New rules: upside ÷ risk, small caps first",git gh-pages 67cf2e0,2026-10-02 23:05,29,RGTI,Rigetti Computing,main,waiting,USD,15.25,15.25,21.7236,2026-10-02,14.535,14.535,2026-10-07,-4.69,30,main,,
2026-10-02,2026-10-02,Oct 2,v5,"New rules: upside ÷ risk, small caps first",git gh-pages 67cf2e0,2026-10-02 23:05,30,QBTS,D-Wave Quantum,main,waiting,USD,15.77,15.77,22.4644,2026-10-02,15.035,15.035,2026-10-07,-4.66,66,watchlist,,
2026-10-02,2026-10-02,Oct 2,v5,"New rules: upside ÷ risk, small caps first",git gh-pages 67cf2e0,2026-10-02 23:05,31,INFQ,Infleqtion,main,waiting,USD,13.15,13.15,18.7322,2026-10-02,11.585,11.585,2026-10-07,-11.9,67,watchlist,,
2026-10-02,2026-10-02,Oct 2,v5,"New rules: upside ÷ risk, small caps first",git gh-pages 67cf2e0,2026-10-02 23:05,32,ERO,Ero Copper,main,waiting,USD,37.91,37.91,54.0028,2026-10-02,36.79,36.79,2026-10-07,-2.95,31,main,,
2026-10-02,2026-10-02,Oct 2,v5,"New rules: upside ÷ risk, small caps first",git gh-pages 67cf2e0,2026-10-02 23:05,33,SCR.TO,Strathcona Resources,main,waiting,CAD,39.38,27.6448,39.38,2026-10-02,40.13,28.1464,2026-10-07,1.9,32,main,,
2026-10-02,2026-10-02,Oct 2,v5,"New rules: upside ÷ risk, small caps first",git gh-pages 67cf2e0,2026-10-02 23:05,34,CS.TO,Capstone Copper,main,waiting,CAD,14.43,10.1299,14.43,2026-10-02,14.02,9.8334,2026-10-07,-2.84,33,main,,
2026-10-02,2026-10-02,Oct 2,v5,"New rules: upside ÷ risk, small caps first",git gh-pages 67cf2e0,2026-10-02 23:05,35,AKAM,Akamai,main,waiting,USD,108.92,108.92,155.1565,2026-10-02,104.39,104.39,2026-10-07,-4.16,35,main,,
2026-10-02,2026-10-02,Oct 2,v5,"New rules: upside ÷ risk, small caps first",git gh-pages 67cf2e0,2026-10-02 23:05,36,PEY.TO,Peyto Exploration,main,waiting,CAD,23.41,16.4338,23.41,2026-10-02,23.64,16.5806,2026-10-07,0.98,34,main,,
2026-10-02,2026-10-02,Oct 2,v5,"New rules: upside ÷ risk, small caps first",git gh-pages 67cf2e0,2026-10-02 23:05,37,VST,Vistra,main,waiting,USD,140.02,140.02,199.4585,2026-10-02,164.66,164.66,2026-10-07,17.6,6,main,,
2026-10-02,2026-10-02,Oct 2,v5,"New rules: upside ÷ risk, small caps first",git gh-pages 67cf2e0,2026-10-02 23:05,38,CCJ,Cameco,main,waiting,USD,,,,,89.335,89.335,2026-10-07,,4,main,,
2026-10-02,2026-10-02,Oct 2,v5,"New rules: upside ÷ risk, small caps first",git gh-pages 67cf2e0,2026-10-02 23:05,39,HBM,Hudbay Minerals,main,waiting,USD,27.2,27.2,38.7464,2026-10-02,25.945,25.945,2026-10-07,-4.61,43,main,,
2026-10-02,2026-10-02,Oct 2,v5,"New rules: upside ÷ risk, small caps first",git gh-pages 67cf2e0,2026-10-02 23:05,40,LHX,L3Harris,main,waiting,USD,236.6,236.6,337.0367,2026-10-02,234.0825,234.0825,2026-10-07,-1.06,36,main,,
2026-10-02,2026-10-02,Oct 2,v5,"New rules: upside ÷ risk, small caps first",git gh-pages 67cf2e0,2026-10-02 23:05,41,TOU.TO,Tourmaline Oil,main,waiting,CAD,61.99,43.517,61.99,2026-10-02,62.28,43.682,2026-10-07,0.47,39,main,,
2026-10-02,2026-10-02,Oct 2,v5,"New rules: upside ÷ risk, small caps first",git gh-pages 67cf2e0,2026-10-02 23:05,42,TECK,Teck Resources,main,waiting,USD,68.56,68.56,97.6637,2026-10-02,65.28,65.28,2026-10-07,-4.78,53,main,,
2026-10-02,2026-10-02,Oct 2,v5,"New rules: upside ÷ risk, small caps first",git gh-pages 67cf2e0,2026-10-02 23:05,43,LMT,Lockheed Martin,main,waiting,USD,505.41,505.41,719.9565,2026-10-02,502.2672,502.2672,2026-10-07,-0.62,38,main,,
2026-10-02,2026-10-02,Oct 2,v5,"New rules: upside ÷ risk, small caps first",git gh-pages 67cf2e0,2026-10-02 23:05,44,SCCO,Southern Copper,main,waiting,USD,205.54,205.54,292.7917,2026-10-02,199.365,199.365,2026-10-07,-3.0,46,main,,
2026-10-02,2026-10-02,Oct 2,v5,"New rules: upside ÷ risk, small caps first",git gh-pages 67cf2e0,2026-10-02 23:05,45,ARX.TO,ARC Resources,main,waiting,CAD,33.91,23.8048,33.91,2026-09-09,33.91,23.7838,2026-09-09,0.0,41,main,,
2026-10-02,2026-10-02,Oct 2,v5,"New rules: upside ÷ risk, small caps first",git gh-pages 67cf2e0,2026-10-02 23:05,46,BN,Brookfield Corp,main,waiting,USD,36.92,36.92,52.5925,2026-10-02,36.865,36.865,2026-10-07,-0.15,40,main,,
2026-10-02,2026-10-02,Oct 2,v5,"New rules: upside ÷ risk, small caps first",git gh-pages 67cf2e0,2026-10-02 23:05,47,GM,General Motors,main,waiting,USD,78.27,78.27,111.4956,2026-10-02,80.97,80.97,2026-10-07,3.45,42,main,,
2026-10-02,2026-10-02,Oct 2,v5,"New rules: upside ÷ risk, small caps first",git gh-pages 67cf2e0,2026-10-02 23:05,48,FCX,Freeport-McMoRan,main,waiting,USD,72.04,72.04,102.621,2026-10-02,71.48,71.48,2026-10-07,-0.78,45,main,,
2026-10-02,2026-10-02,Oct 2,v5,"New rules: upside ÷ risk, small caps first",git gh-pages 67cf2e0,2026-10-02 23:05,49,CVE.TO,Cenovus Energy,main,waiting,CAD,46.25,32.4675,46.25,2026-10-02,43.87,30.7696,2026-10-07,-5.15,50,main,,
2026-10-02,2026-10-02,Oct 2,v5,"New rules: upside ÷ risk, small caps first",git gh-pages 67cf2e0,2026-10-02 23:05,50,SU.TO,Suncor Energy,main,waiting,CAD,99.15,69.6034,99.15,2026-10-02,97.18,68.1601,2026-10-07,-1.99,44,main,,
2026-10-02,2026-10-02,Oct 2,v5,"New rules: upside ÷ risk, small caps first",git gh-pages 67cf2e0,2026-10-02 23:05,51,CNQ.TO,Canadian Natural Resources,main,waiting,CAD,69.1,48.5082,69.1,2026-10-02,67.72,47.4975,2026-10-07,-2.0,51,main,,
2026-10-02,2026-10-02,Oct 2,v5,"New rules: upside ÷ risk, small caps first",git gh-pages 67cf2e0,2026-10-02 23:05,52,F,Ford,main,waiting,USD,12.1,12.1,17.2364,2026-10-02,12.07,12.07,2026-10-07,-0.25,47,main,,
2026-10-02,2026-10-02,Oct 2,v5,"New rules: upside ÷ risk, small caps first",git gh-pages 67cf2e0,2026-10-02 23:05,53,PPL.TO,Pembina Pipeline,main,waiting,CAD,65.46,45.953,65.46,2026-10-02,65.33,45.8212,2026-10-07,-0.2,37,main,,
2026-10-02,2026-10-02,Oct 2,v5,"New rules: upside ÷ risk, small caps first",git gh-pages 67cf2e0,2026-10-02 23:05,54,TRP.TO,TC Energy,main,waiting,CAD,84.31,59.1857,84.31,2026-10-02,84.27,59.1053,2026-10-07,-0.05,48,main,,
2026-10-02,2026-10-02,Oct 2,v5,"New rules: upside ÷ risk, small caps first",git gh-pages 67cf2e0,2026-10-02 23:05,55,BAM,Brookfield Asset Management,main,waiting,USD,44.85,44.85,63.8888,2026-10-02,44.39,44.39,2026-10-07,-1.03,49,main,,
2026-10-02,2026-10-02,Oct 2,v5,"New rules: upside ÷ risk, small caps first",git gh-pages 67cf2e0,2026-10-02 23:05,56,TRP,TC Energy,main,waiting,USD,59.07,59.07,84.1452,2026-10-02,59.0803,59.0803,2026-10-07,0.02,52,main,,
2026-10-02,2026-10-02,Oct 2,v5,"New rules: upside ÷ risk, small caps first",git gh-pages 67cf2e0,2026-10-02 23:05,57,005930.KS,Samsung Electronics,large caps,confirmed,KRW,276000.0,205.5851,292.8559,2026-10-02,268500.0,200.5647,2026-10-07,-2.72,54,large caps,,
2026-10-02,2026-10-02,Oct 2,v5,"New rules: upside ÷ risk, small caps first",git gh-pages 67cf2e0,2026-10-02 23:05,58,SPCX,SpaceX,large caps,confirmed,USD,158.96,158.96,226.4385,2026-10-02,168.2255,168.2255,2026-10-07,5.83,56,large caps,,
2026-10-02,2026-10-02,Oct 2,v5,"New rules: upside ÷ risk, small caps first",git gh-pages 67cf2e0,2026-10-02 23:05,59,MU,Micron,large caps,confirmed,USD,1074.89,1074.89,1531.1808,2026-10-02,1078.385,1078.385,2026-10-07,0.33,55,large caps,,
2026-10-02,2026-10-02,Oct 2,v5,"New rules: upside ÷ risk, small caps first",git gh-pages 67cf2e0,2026-10-02 23:05,60,GEV,GE Vernova,large caps,confirmed,USD,988.7,988.7,1408.4031,2026-10-02,997.0,997.0,2026-10-07,0.84,58,large caps,,
2026-10-02,2026-10-02,Oct 2,v5,"New rules: upside ÷ risk, small caps first",git gh-pages 67cf2e0,2026-10-02 23:05,61,PLTR,Palantir,large caps,confirmed,USD,188.75,188.75,268.8744,2026-10-02,193.1,193.1,2026-10-07,2.3,59,large caps,,
2026-10-02,2026-10-02,Oct 2,v5,"New rules: upside ÷ risk, small caps first",git gh-pages 67cf2e0,2026-10-02 23:05,62,LRCX,Lam Research,large caps,confirmed,USD,347.49,347.49,494.9995,2026-10-02,327.71,327.71,2026-10-07,-5.69,57,large caps,,
2026-10-02,2026-10-02,Oct 2,v5,"New rules: upside ÷ risk, small caps first",git gh-pages 67cf2e0,2026-10-02 23:05,63,RTX,RTX,large caps,waiting,USD,184.68,184.68,263.0767,2026-10-02,180.825,180.825,2026-10-07,-2.09,60,large caps,,
2026-10-02,2026-10-02,Oct 2,v5,"New rules: upside ÷ risk, small caps first",git gh-pages 67cf2e0,2026-10-02 23:05,64,PGLD.V,PGLD (TSXV),watchlist,filtered,CAD,1.51,1.06,1.51,2026-10-02,1.41,0.9889,2026-10-07,-6.62,61,watchlist,,
2026-10-02,2026-10-02,Oct 2,v5,"New rules: upside ÷ risk, small caps first",git gh-pages 67cf2e0,2026-10-02 23:05,65,CYPH,Cypherpunk Technologies (CYPH),watchlist,filtered,USD,3.03,3.03,4.3162,2026-10-02,3.0473,3.0473,2026-10-07,0.57,62,watchlist,,
2026-10-02,2026-10-02,Oct 2,v5,"New rules: upside ÷ risk, small caps first",git gh-pages 67cf2e0,2026-10-02 23:05,66,ASST,Strive (ASST),watchlist,filtered,USD,30.03,30.03,42.7777,2026-10-02,28.42,28.42,2026-10-07,-5.36,65,watchlist,,
2026-10-02,2026-10-02,Oct 2,v5,"New rules: upside ÷ risk, small caps first",git gh-pages 67cf2e0,2026-10-02 23:05,67,OKLO,Oklo,watchlist,filtered,USD,35.87,35.87,51.0968,2026-10-02,36.43,36.43,2026-10-07,1.56,63,watchlist,,
2026-10-02,2026-10-02,Oct 2,v5,"New rules: upside ÷ risk, small caps first",git gh-pages 67cf2e0,2026-10-02 23:05,68,UUUU,Energy Fuels,watchlist,filtered,USD,10.73,10.73,15.2849,2026-10-02,10.2901,10.2901,2026-10-07,-4.1,64,watchlist,,
2026-10-02,2026-10-02,Oct 2,v5,"New rules: upside ÷ risk, small caps first",git gh-pages 67cf2e0,2026-10-02 23:05,69,BWXT,BWX Technologies,watchlist,filtered,USD,134.86,134.86,192.1081,2026-10-02,140.615,140.615,2026-10-07,4.27,68,watchlist,,
2026-10-02,2026-10-02,Oct 2,v5,"New rules: upside ÷ risk, small caps first",git gh-pages 67cf2e0,2026-10-02 23:05,70,MSTR,Strategy (MicroStrategy),watchlist,filtered,USD,160.01,160.01,227.9342,2026-10-02,155.73,155.73,2026-10-07,-2.67,70,watchlist,,
2026-10-02,2026-10-02,Oct 2,v5,"New rules: upside ÷ risk, small caps first",git gh-pages 67cf2e0,2026-10-02 23:05,71,000660.KS,SK hynix,watchlist,filtered,KRW,1841000.0,1371.312,1953.4339,2026-10-02,1723000.0,1287.0504,2026-10-07,-6.41,71,watchlist,,
2026-10-02,2026-10-02_before,Oct 2 · before switch,v1,Old rules: source quality,git gh-pages 098fc18,2026-10-02 21:26,1,CYPH,Cypherpunk Technologies (CYPH),main,,USD,3.03,3.03,4.3171,2026-10-02,3.0473,3.0473,2026-10-07,0.57,62,watchlist,False,
2026-10-02,2026-10-02_before,Oct 2 · before switch,v1,Old rules: source quality,git gh-pages 098fc18,2026-10-02 21:26,2,AKAM,Akamai,main,,USD,108.92,108.92,155.1892,2026-10-02,104.39,104.39,2026-10-07,-4.16,35,main,False,
2026-10-02,2026-10-02_before,Oct 2 · before switch,v1,Old rules: source quality,git gh-pages 098fc18,2026-10-02 21:26,3,ASST,Strive (ASST),main,,USD,30.03,30.03,42.7867,2026-10-02,28.42,28.42,2026-10-07,-5.36,65,watchlist,False,
2026-10-02,2026-10-02_before,Oct 2 · before switch,v1,Old rules: source quality,git gh-pages 098fc18,2026-10-02 21:26,4,OKLO,Oklo,main,,USD,35.87,35.87,51.1076,2026-10-02,36.43,36.43,2026-10-07,1.56,63,watchlist,False,
2026-10-02,2026-10-02_before,Oct 2 · before switch,v1,Old rules: source quality,git gh-pages 098fc18,2026-10-02 21:26,5,CRML,Critical Metals Corp,main,,USD,7.03,7.03,10.0163,2026-10-02,7.145,7.145,2026-10-07,1.64,16,main,False,
2026-10-02,2026-10-02_before,Oct 2 · before switch,v1,Old rules: source quality,git gh-pages 098fc18,2026-10-02 21:26,6,BWXT,BWX Technologies,main,,USD,134.86,134.86,192.1485,2026-10-02,140.615,140.615,2026-10-07,4.27,68,watchlist,False,
2026-10-02,2026-10-02_before,Oct 2 · before switch,v1,Old rules: source quality,git gh-pages 098fc18,2026-10-02 21:26,7,KTOS,Kratos Defense,main,,USD,43.07,43.07,61.3661,2026-10-02,41.675,41.675,2026-10-07,-3.24,29,main,False,
2026-10-02,2026-10-02_before,Oct 2 · before switch,v1,Old rules: source quality,git gh-pages 098fc18,2026-10-02 21:26,8,OLN,Olin Corporation,main,,USD,15.9,15.9,22.6543,2026-10-02,15.8604,15.8604,2026-10-07,-0.25,22,main,False,
2026-10-02,2026-10-02_before,Oct 2 · before switch,v1,Old rules: source quality,git gh-pages 098fc18,2026-10-02 21:26,9,AAOI,Applied Optoelectronics,main,,USD,115.59,115.59,164.6926,2026-10-02,120.955,120.955,2026-10-07,4.64,8,main,True,
2026-10-02,2026-10-02_before,Oct 2 · before switch,v1,Old rules: source quality,git gh-pages 098fc18,2026-10-02 21:26,10,3006.TW,Elite Semiconductor Memory Technology (ESMT),main,,TWD,285.5,9.0026,12.8269,2026-10-02,270.5,8.4945,2026-10-07,-5.25,69,watchlist,False,
2026-10-02,2026-10-02_before,Oct 2 · before switch,v1,Old rules: source quality,git gh-pages 098fc18,2026-10-02 21:26,11,NVTS,Navitas Semiconductor,main,,USD,12.4,12.4,17.6675,2026-10-02,11.165,11.165,2026-10-07,-9.96,26,main,,
2026-10-02,2026-10-02_before,Oct 2 · before switch,v1,Old rules: source quality,git gh-pages 098fc18,2026-10-02 21:26,12,LITE,Lumentum,main,,USD,1085.42,1085.42,1546.5065,2026-10-02,1101.595,1101.595,2026-10-07,1.49,13,main,,
2026-10-02,2026-10-02_before,Oct 2 · before switch,v1,Old rules: source quality,git gh-pages 098fc18,2026-10-02 21:26,13,QBTS,D-Wave Quantum,main,,USD,15.77,15.77,22.4691,2026-10-02,15.035,15.035,2026-10-07,-4.66,66,watchlist,,
2026-10-02,2026-10-02_before,Oct 2 · before switch,v1,Old rules: source quality,git gh-pages 098fc18,2026-10-02 21:26,14,USAR,USA Rare Earth,main,,USD,13.59,13.59,19.363,2026-10-02,13.135,13.135,2026-10-07,-3.35,27,main,,
2026-10-02,2026-10-02_before,Oct 2 · before switch,v1,Old rules: source quality,git gh-pages 098fc18,2026-10-02 21:26,15,VST,Vistra,main,,USD,140.02,140.02,199.5005,2026-10-02,164.66,164.66,2026-10-07,17.6,6,main,,
2026-10-02,2026-10-02_before,Oct 2 · before switch,v1,Old rules: source quality,git gh-pages 098fc18,2026-10-02 21:26,16,BN,Brookfield Corp,main,,USD,36.92,36.92,52.6036,2026-10-02,36.865,36.865,2026-10-07,-0.15,40,main,,
2026-10-02,2026-10-02_before,Oct 2 · before switch,v1,Old rules: source quality,git gh-pages 098fc18,2026-10-02 21:26,17,INFQ,Infleqtion,main,,USD,13.15,13.15,18.7361,2026-10-02,11.585,11.585,2026-10-07,-11.9,67,watchlist,,
2026-10-02,2026-10-02_before,Oct 2 · before switch,v1,Old rules: source quality,git gh-pages 098fc18,2026-10-02 21:26,18,SIVE.ST,Sivers Semiconductors,main,,SEK,33.28,3.3178,4.7272,2026-10-02,34.28,3.4175,2026-10-07,3.0,15,main,,
2026-10-02,2026-10-02_before,Oct 2 · before switch,v1,Old rules: source quality,git gh-pages 098fc18,2026-10-02 21:26,19,000660.KS,SK hynix,main,,KRW,1841000.0,1372.1807,1955.0831,2026-10-02,1723000.0,1287.0504,2026-10-07,-6.41,71,watchlist,,
2026-10-02,2026-10-02_before,Oct 2 · before switch,v1,Old rules: source quality,git gh-pages 098fc18,2026-10-02 21:26,20,BE,Bloom Energy,main,,USD,289.15,289.15,411.9809,2026-10-02,287.44,287.44,2026-10-07,-0.59,14,main,,
2026-10-02,2026-10-02_before,Oct 2 · before switch,v1,Old rules: source quality,git gh-pages 098fc18,2026-10-02 21:26,21,RGTI,Rigetti Computing,main,,USD,15.25,15.25,21.7282,2026-10-02,14.535,14.535,2026-10-07,-4.69,30,main,,
2026-10-02,2026-10-02_before,Oct 2 · before switch,v1,Old rules: source quality,git gh-pages 098fc18,2026-10-02 21:26,22,SCR.TO,Strathcona Resources,main,,CAD,39.38,27.639,39.38,2026-10-02,40.13,28.1464,2026-10-07,1.9,32,main,,
2026-10-02,2026-10-02_before,Oct 2 · before switch,v1,Old rules: source quality,git gh-pages 098fc18,2026-10-02 21:26,23,CEG,Constellation Energy,main,,USD,257.49,257.49,366.8718,2026-10-02,295.52,295.52,2026-10-07,14.77,9,main,,
2026-10-02,2026-10-02_before,Oct 2 · before switch,v1,Old rules: source quality,git gh-pages 098fc18,2026-10-02 21:26,24,SPCX,SpaceX,main,,USD,158.96,158.96,226.4862,2026-10-02,168.2255,168.2255,2026-10-07,5.83,56,large caps,,
2026-10-02,2026-10-02_before,Oct 2 · before switch,v1,Old rules: source quality,git gh-pages 098fc18,2026-10-02 21:26,25,MSTR,Strategy (MicroStrategy),main,,USD,160.01,160.01,227.9823,2026-10-02,155.73,155.73,2026-10-07,-2.67,70,watchlist,,
2026-10-02,2026-10-02_before,Oct 2 · before switch,v1,Old rules: source quality,git gh-pages 098fc18,2026-10-02 21:26,26,CS.TO,Capstone Copper,main,,CAD,14.43,10.1277,14.43,2026-10-02,14.02,9.8334,2026-10-07,-2.84,33,main,,
2026-10-02,2026-10-02_before,Oct 2 · before switch,v1,Old rules: source quality,git gh-pages 098fc18,2026-10-02 21:26,27,MU,Micron,main,,USD,1074.89,1074.89,1531.5033,2026-10-02,1078.385,1078.385,2026-10-07,0.33,55,large caps,,
2026-10-02,2026-10-02_before,Oct 2 · before switch,v1,Old rules: source quality,git gh-pages 098fc18,2026-10-02 21:26,28,TECK,Teck Resources,main,,USD,68.56,68.56,97.6843,2026-10-02,65.28,65.28,2026-10-07,-4.78,53,main,,
2026-10-02,2026-10-02_before,Oct 2 · before switch,v1,Old rules: source quality,git gh-pages 098fc18,2026-10-02 21:26,29,LHX,L3Harris,main,,USD,236.6,236.6,337.1077,2026-10-02,234.0825,234.0825,2026-10-07,-1.06,36,main,,
2026-10-02,2026-10-02_before,Oct 2 · before switch,v1,Old rules: source quality,git gh-pages 098fc18,2026-10-02 21:26,30,COHR,Coherent,main,,USD,337.04,337.04,480.2146,2026-10-02,324.9,324.9,2026-10-07,-3.6,11,main,,
2026-10-02,2026-10-02_before,Oct 2 · before switch,v1,Old rules: source quality,git gh-pages 098fc18,2026-10-02 21:26,31,CRDO,Credo Technology,main,,USD,218.64,218.64,311.5183,2026-10-02,213.84,213.84,2026-10-07,-2.2,10,main,,
2026-10-02,2026-10-02_before,Oct 2 · before switch,v1,Old rules: source quality,git gh-pages 098fc18,2026-10-02 21:26,32,CCJ,Cameco,main,,USD,85.18,85.18,121.3645,2026-10-02,89.335,89.335,2026-10-07,4.88,4,main,,
2026-10-02,2026-10-02_before,Oct 2 · before switch,v1,Old rules: source quality,git gh-pages 098fc18,2026-10-02 21:26,33,TMQ,Trilogy Metals,main,,USD,3.09,3.09,4.4026,2026-10-02,2.86,2.86,2026-10-07,-7.44,20,main,,
2026-10-02,2026-10-02_before,Oct 2 · before switch,v1,Old rules: source quality,git gh-pages 098fc18,2026-10-02 21:26,34,PPL.TO,Pembina Pipeline,main,,CAD,65.46,45.9433,65.46,2026-10-02,65.33,45.8212,2026-10-07,-0.2,37,main,,
2026-10-02,2026-10-02_before,Oct 2 · before switch,v1,Old rules: source quality,git gh-pages 098fc18,2026-10-02 21:26,35,UUUU,Energy Fuels,main,,USD,10.73,10.73,15.2881,2026-10-02,10.2901,10.2901,2026-10-07,-4.1,64,watchlist,,
2026-10-02,2026-10-02_before,Oct 2 · before switch,v1,Old rules: source quality,git gh-pages 098fc18,2026-10-02 21:26,36,HBM,Hudbay Minerals,main,,USD,27.2,27.2,38.7546,2026-10-02,25.945,25.945,2026-10-07,-4.61,43,main,,
2026-10-02,2026-10-02_before,Oct 2 · before switch,v1,Old rules: source quality,git gh-pages 098fc18,2026-10-02 21:26,37,PGLD.V,PGLD (TSXV),main,,CAD,1.51,1.0598,1.51,2026-10-02,1.41,0.9889,2026-10-07,-6.62,61,watchlist,,
2026-10-02,2026-10-02_before,Oct 2 · before switch,v1,Old rules: source quality,git gh-pages 098fc18,2026-10-02 21:26,38,ERO,Ero Copper,main,,USD,37.91,37.91,54.0142,2026-10-02,36.79,36.79,2026-10-07,-2.95,31,main,,
2026-10-02,2026-10-02_before,Oct 2 · before switch,v1,Old rules: source quality,git gh-pages 098fc18,2026-10-02 21:26,39,005930.KS,Samsung Electronics,main,,KRW,276000.0,205.7153,293.1032,2026-10-02,268500.0,200.5647,2026-10-07,-2.72,54,large caps,,
2026-10-02,2026-10-02_before,Oct 2 · before switch,v1,Old rules: source quality,git gh-pages 098fc18,2026-10-02 21:26,40,MP,MP Materials,main,,USD,46.97,46.97,66.9229,2026-10-02,45.77,45.77,2026-10-07,-2.55,28,main,,
2026-10-02,2026-10-02_before,Oct 2 · before switch,v1,Old rules: source quality,git gh-pages 098fc18,2026-10-02 21:26,41,RTX,RTX,main,,USD,184.68,184.68,263.1321,2026-10-02,180.825,180.825,2026-10-07,-2.09,60,large caps,,
2026-10-02,2026-10-02_before,Oct 2 · before switch,v1,Old rules: source quality,git gh-pages 098fc18,2026-10-02 21:26,42,TRP.TO,TC Energy,main,,CAD,84.31,59.1732,84.31,2026-10-02,84.27,59.1053,2026-10-07,-0.05,48,main,,
2026-10-02,2026-10-02_before,Oct 2 · before switch,v1,Old rules: source quality,git gh-pages 098fc18,2026-10-02 21:26,43,TSEM,Tower Semiconductor,main,,USD,240.86,240.86,343.1773,2026-10-02,245.325,245.325,2026-10-07,1.85,12,main,,
2026-10-02,2026-10-02_before,Oct 2 · before switch,v1,Old rules: source quality,git gh-pages 098fc18,2026-10-02 21:26,44,FCX,Freeport-McMoRan,main,,USD,72.04,72.04,102.6426,2026-10-02,71.48,71.48,2026-10-07,-0.78,45,main,,
2026-10-02,2026-10-02_before,Oct 2 · before switch,v1,Old rules: source quality,git gh-pages 098fc18,2026-10-02 21:26,45,LAC,Lithium Americas,main,,USD,2.55,2.55,3.6332,2026-10-02,2.41,2.41,2026-10-07,-5.49,24,main,,
2026-10-02,2026-10-02_before,Oct 2 · before switch,v1,Old rules: source quality,git gh-pages 098fc18,2026-10-02 21:26,46,FN,Fabrinet,main,,USD,463.69,463.69,660.6655,2026-10-02,486.75,486.75,2026-10-07,4.97,3,main,,
2026-10-02,2026-10-02_before,Oct 2 · before switch,v1,Old rules: source quality,git gh-pages 098fc18,2026-10-02 21:26,47,STLA,Stellantis,main,,USD,4.4,4.4,6.2691,2026-10-02,4.625,4.625,2026-10-07,5.11,2,main,,
2026-10-02,2026-10-02_before,Oct 2 · before switch,v1,Old rules: source quality,git gh-pages 098fc18,2026-10-02 21:26,48,LMT,Lockheed Martin,main,,USD,505.41,505.41,720.1082,2026-10-02,502.2672,502.2672,2026-10-07,-0.62,38,main,,
2026-10-02,2026-10-02_before,Oct 2 · before switch,v1,Old rules: source quality,git gh-pages 098fc18,2026-10-02 21:26,49,SCCO,Southern Copper,main,,USD,205.54,205.54,292.8534,2026-10-02,199.365,199.365,2026-10-07,-3.0,46,main,,
2026-10-02,2026-10-02_before,Oct 2 · before switch,v1,Old rules: source quality,git gh-pages 098fc18,2026-10-02 21:26,50,F,Ford,main,,USD,12.1,12.1,17.2401,2026-10-02,12.07,12.07,2026-10-07,-0.25,47,main,,
2026-10-02,2026-10-02_before,Oct 2 · before switch,v1,Old rules: source quality,git gh-pages 098fc18,2026-10-02 21:26,51,IQE.L,IQE plc,main,,GBp,54.8,0.7245,1.0322,2026-10-02,54.2,0.7161,2026-10-07,-1.09,5,main,,
2026-10-02,2026-10-02_before,Oct 2 · before switch,v1,Old rules: source quality,git gh-pages 098fc18,2026-10-02 21:26,52,CNQ.TO,Canadian Natural Resources,main,,CAD,69.1,48.498,69.1,2026-10-02,67.72,47.4975,2026-10-07,-2.0,51,main,,
2026-10-02,2026-10-02_before,Oct 2 · before switch,v1,Old rules: source quality,git gh-pages 098fc18,2026-10-02 21:26,53,GEV,GE Vernova,main,,USD,988.7,988.7,1408.6998,2026-10-02,997.0,997.0,2026-10-07,0.84,58,large caps,,
2026-10-02,2026-10-02_before,Oct 2 · before switch,v1,Old rules: source quality,git gh-pages 098fc18,2026-10-02 21:26,54,AXTI,AXT Inc,main,,USD,85.87,85.87,122.3476,2026-10-02,81.045,81.045,2026-10-07,-5.62,7,main,,
2026-10-02,2026-10-02_before,Oct 2 · before switch,v1,Old rules: source quality,git gh-pages 098fc18,2026-10-02 21:26,55,GM,General Motors,main,,USD,78.27,78.27,111.5191,2026-10-02,80.97,80.97,2026-10-07,3.45,42,main,,
2026-10-02,2026-10-02_before,Oct 2 · before switch,v1,Old rules: source quality,git gh-pages 098fc18,2026-10-02 21:26,56,PEY.TO,Peyto Exploration,main,,CAD,23.41,16.4304,23.41,2026-10-02,23.64,16.5806,2026-10-07,0.98,34,main,,
2026-10-02,2026-10-02_before,Oct 2 · before switch,v1,Old rules: source quality,git gh-pages 098fc18,2026-10-02 21:26,57,CVE.TO,Cenovus Energy,main,,CAD,46.25,32.4607,46.25,2026-10-02,43.87,30.7696,2026-10-07,-5.15,50,main,,
2026-10-02,2026-10-02_before,Oct 2 · before switch,v1,Old rules: source quality,git gh-pages 098fc18,2026-10-02 21:26,58,ARX.TO,ARC Resources,main,,CAD,33.91,23.7998,33.91,2026-09-09,33.91,23.7838,2026-09-09,0.0,41,main,,
2026-10-02,2026-10-02_before,Oct 2 · before switch,v1,Old rules: source quality,git gh-pages 098fc18,2026-10-02 21:26,59,TOU.TO,Tourmaline Oil,main,,CAD,61.99,43.5079,61.99,2026-10-02,62.28,43.682,2026-10-07,0.47,39,main,,
2026-10-02,2026-10-02_before,Oct 2 · before switch,v1,Old rules: source quality,git gh-pages 098fc18,2026-10-02 21:26,60,LRCX,Lam Research,main,,USD,347.49,347.49,495.1038,2026-10-02,327.71,327.71,2026-10-07,-5.69,57,large caps,,
2026-10-02,2026-10-02_before,Oct 2 · before switch,v1,Old rules: source quality,git gh-pages 098fc18,2026-10-02 21:26,61,TRP,TC Energy,main,,USD,59.07,59.07,84.1629,2026-10-02,59.0803,59.0803,2026-10-07,0.02,52,main,,
2026-10-02,2026-10-02_before,Oct 2 · before switch,v1,Old rules: source quality,git gh-pages 098fc18,2026-10-02 21:26,62,SU.TO,Suncor Energy,main,,CAD,99.15,69.5887,99.15,2026-10-02,97.18,68.1601,2026-10-07,-1.99,44,main,,
2026-10-02,2026-10-02_before,Oct 2 · before switch,v1,Old rules: source quality,git gh-pages 098fc18,2026-10-02 21:26,63,BAM,Brookfield Asset Management,main,,USD,44.85,44.85,63.9023,2026-10-02,44.39,44.39,2026-10-07,-1.03,49,main,,
2026-10-02,2026-10-02_before,Oct 2 · before switch,v1,Old rules: source quality,git gh-pages 098fc18,2026-10-02 21:26,64,PLTR,Palantir,main,,USD,188.75,188.75,268.931,2026-10-02,193.1,193.1,2026-10-07,2.3,59,large caps,,
