source,handle,post_id,post_time_et,ticker,symbol,interval,post_in_session,base_time_et,base_price,ret_5m,ex_5m,ret_15m,ex_15m,ret_1h,ex_1h,ret_1d,ex_1d,ret_close,ex_close,vol_spike,vol_baseline_days,data_note
telegram,AzazelNews (Telegram),795894,2025-02-12 17:01:57,NARA,NARA,,,,,,,,,,,,,,,,,no Yahoo bars for symbol (http 404)
telegram,AzazelNews (Telegram),795898,2025-02-12 17:05:44,MSFT,MSFT,60m,no,2025-02-13 09:30,407.032,,,,,0.230,-0.034,0.319,-0.545,0.857,-0.005,0.91,20,no 5m/15m (finer than bar)
telegram,AzazelNews (Telegram),796997,2025-02-14 14:18:18,DEI,DEI,60m,yes,2025-02-14 14:30,17.145,,,,,-0.292,-0.213,-1.837,-2.034,-0.787,-0.714,0.32,20,no 5m/15m (finer than bar)
telegram,AzazelNews (Telegram),797006,2025-02-14 14:23:37,BABA,BABA,60m,yes,2025-02-14 14:30,124.57,,,,,-0.305,-0.226,1.935,1.738,0.128,0.202,1.39,20,no 5m/15m (finer than bar)
telegram,AzazelNews (Telegram),797010,2025-02-14 14:23:38,PM,PM,60m,yes,2025-02-14 14:30,151.02,,,,,-0.235,-0.156,-1.470,-1.667,-0.371,-0.297,0.84,20,no 5m/15m (finer than bar)
telegram,AzazelNews (Telegram),797401,2025-02-14 19:59:59,INTC,INTC,60m,no,2025-02-18 09:30,24.605,,,,,6.035,6.240,4.511,4.181,11.481,11.405,2.95,20,no 5m/15m (finer than bar)
telegram,AzazelNews (Telegram),797401,2025-02-14 19:59:59,TSM,TSM,60m,no,2025-02-18 09:30,204.755,,,,,-1.082,-0.877,-1.861,-2.191,-1.008,-1.085,0.83,20,no 5m/15m (finer than bar)
telegram,AzazelNews (Telegram),797560,2025-02-14 20:42:54,AFL,AFL,60m,no,2025-02-18 09:30,103.31,,,,,0.203,0.408,1.191,0.860,0.920,0.843,0.92,20,no 5m/15m (finer than bar)
telegram,AzazelNews (Telegram),798173,2025-02-15 14:38:25,GME,GME,60m,no,2025-02-18 09:30,27.03,,,,,-0.629,-0.424,-3.811,-4.141,-0.148,-0.225,1.0,20,no 5m/15m (finer than bar)
telegram,AzazelNews (Telegram),798483,2025-02-15 20:06:44,HSDT,HSDT,60m,no,2025-02-18 09:30,412.5,,,,,-1.818,-1.614,0.000,-0.331,0.164,0.087,0.0,20,no 5m/15m (finer than bar)
telegram,AzazelNews (Telegram),798841,2025-02-16 13:54:58,AP,AP,60m,no,2025-02-18 09:30,2.2,,,,,1.123,1.327,-6.136,-6.467,-1.182,-1.259,0.22,20,no 5m/15m (finer than bar)
telegram,AzazelNews (Telegram),806293,2025-02-27 13:13:04,BAC,BAC,60m,yes,2025-02-27 13:30,44.49,,,,,-0.337,0.312,3.652,3.747,-0.731,0.882,0.84,20,no 5m/15m (finer than bar)
telegram,AzazelNews (Telegram),806293,2025-02-27 13:13:04,BLK,BLK,60m,yes,2025-02-27 13:30,959.62,,,,,-0.301,0.348,1.895,1.990,-1.535,0.078,0.46,20,no 5m/15m (finer than bar)
telegram,AzazelNews (Telegram),806419,2025-02-27 13:41:24,UL,UL,60m,yes,2025-02-27 14:30,63.7275,,,,,-0.018,0.739,0.000,-0.557,-0.221,0.751,1.26,20,no 5m/15m (finer than bar)
telegram,AzazelNews (Telegram),806583,2025-02-27 14:28:37,AP,AP,60m,yes,2025-02-27 14:30,2.01,,,,,0.000,0.757,3.483,2.926,0.995,1.967,3.07,20,no 5m/15m (finer than bar)
telegram,AzazelNews (Telegram),806601,2025-02-27 14:31:31,UL,UL,60m,yes,2025-02-27 15:30,63.7106,,,,,-0.194,0.031,0.026,-1.288,-0.194,0.031,,,no 5m/15m (finer than bar); no volume baseline
telegram,AzazelNews (Telegram),806610,2025-02-27 14:31:32,MS,MS,60m,yes,2025-02-27 15:30,128.85,,,,,0.310,0.536,3.306,1.992,0.310,0.536,,,no 5m/15m (finer than bar); no volume baseline
telegram,AzazelNews (Telegram),806770,2025-02-27 21:42:17,ACHR,ACHR,60m,no,2025-02-28 09:30,6.735,,,,,27.013,26.534,16.630,16.901,31.849,30.395,1.58,20,no 5m/15m (finer than bar)
telegram,AzazelNews (Telegram),807953,2025-03-01 17:15:18,NYT,NYT,60m,no,2025-03-03 09:30,48.0,,,,,-0.438,-0.091,-2.312,0.925,-1.958,0.090,0.67,20,no 5m/15m (finer than bar)
telegram,AzazelNews (Telegram),807988,2025-03-01 17:29:15,LLY,LLY,60m,no,2025-03-03 09:30,912.8,,,,,1.041,1.388,-0.108,3.129,1.887,3.934,0.8,20,no 5m/15m (finer than bar)
telegram,AzazelNews (Telegram),808109,2025-03-01 18:03:42,DUOL,DUOL,60m,no,2025-03-03 09:30,310.88,,,,,0.006,0.353,-5.536,-2.299,-4.983,-2.935,1.59,20,no 5m/15m (finer than bar)
telegram,AzazelNews (Telegram),808531,2025-03-02 14:36:32,AMZN,AMZN,60m,no,2025-03-03 09:30,213.352,,,,,-1.257,-0.911,-4.454,-1.216,-3.886,-1.839,0.82,20,no 5m/15m (finer than bar)
telegram,AzazelNews (Telegram),808549,2025-03-02 14:40:26,C,C,60m,no,2025-03-03 09:30,80.0,,,,,-0.225,0.121,-9.588,-6.350,-3.506,-1.458,1.34,20,no 5m/15m (finer than bar)
telegram,AzazelNews (Telegram),808565,2025-03-02 14:44:19,BLK,BLK,60m,no,2025-03-03 09:30,979.84,,,,,0.410,0.757,-2.813,0.425,-1.338,0.710,0.83,20,no 5m/15m (finer than bar)
telegram,AzazelNews (Telegram),808578,2025-03-02 14:47:50,HD,HD,60m,no,2025-03-03 09:30,396.95,,,,,-0.435,-0.088,-3.832,-0.594,-1.862,0.186,0.78,20,no 5m/15m (finer than bar)
telegram,AzazelNews (Telegram),808620,2025-03-02 19:14:52,FLY,FLY,,,,,,,,,,,,,,,,,no bar after post in served window
telegram,AzazelNews (Telegram),808896,2025-03-03 11:29:42,LUNR,LUNR,60m,yes,2025-03-03 11:30,14.27,,,,,-0.158,-0.391,-5.607,-2.982,-5.711,-4.283,0.83,20,no 5m/15m (finer than bar)
telegram,AzazelNews (Telegram),808896,2025-03-03 11:29:42,SPCX,SPCX,,,,,,,,,,,,,,,,,no bar after post in served window
telegram,AzazelNews (Telegram),809010,2025-03-03 14:20:02,LUNR,LUNR,60m,yes,2025-03-03 14:30,13.78,,,,,-3.846,-2.609,-2.250,-0.278,-2.358,-1.590,1.51,20,no 5m/15m (finer than bar)
telegram,AzazelNews (Telegram),809211,2025-03-03 23:05:47,LUNR,LUNR,60m,no,2025-03-04 09:30,12.82,,,,,-0.312,0.539,9.984,9.365,5.069,5.511,1.0,20,no 5m/15m (finer than bar)
telegram,AzazelNews (Telegram),809604,2025-03-04 11:15:10,BBY,BBY,60m,yes,2025-03-04 11:30,73.7,,,,,0.461,-0.389,2.476,0.724,2.035,1.356,6.79,20,no 5m/15m (finer than bar)
telegram,AzazelNews (Telegram),809604,2025-03-04 11:15:10,STLA,STLA,60m,yes,2025-03-04 11:30,11.585,,,,,1.813,0.963,11.265,9.512,1.856,1.177,3.33,20,no 5m/15m (finer than bar)
telegram,AzazelNews (Telegram),809631,2025-03-04 11:22:24,BLK,BLK,60m,yes,2025-03-04 11:30,937.0,,,,,1.081,0.231,3.323,1.571,1.631,0.952,1.66,20,no 5m/15m (finer than bar)
telegram,AzazelNews (Telegram),809644,2025-03-04 11:27:06,TSLA,TSLA,60m,yes,2025-03-04 11:30,262.68,,,,,3.544,2.694,6.312,4.560,3.548,2.869,1.52,20,no 5m/15m (finer than bar)
telegram,AzazelNews (Telegram),809761,2025-03-04 13:48:15,TSM,TSM,60m,yes,2025-03-04 14:30,181.36,,,,,0.838,0.422,1.632,1.355,-0.772,0.009,1.41,20,no 5m/15m (finer than bar)
telegram,AzazelNews (Telegram),809776,2025-03-04 13:52:05,MSFT,MSFT,60m,yes,2025-03-04 14:30,388.41,,,,,0.898,0.482,3.275,2.998,0.080,0.861,1.6,20,no 5m/15m (finer than bar)
telegram,AzazelNews (Telegram),809854,2025-03-04 14:08:26,DE,DE,60m,yes,2025-03-04 14:30,460.78,,,,,0.231,-0.185,1.426,1.149,-0.512,0.269,0.99,20,no 5m/15m (finer than bar)
telegram,AzazelNews (Telegram),810344,2025-03-05 10:31:27,BLK,BLK,60m,yes,2025-03-05 11:30,951.53,,,,,0.506,-0.165,0.876,1.228,1.746,0.321,0.76,20,no 5m/15m (finer than bar)
telegram,AzazelNews (Telegram),810673,2025-03-05 13:49:06,PLTR,PLTR,60m,yes,2025-03-05 14:30,88.94,,,,,0.142,-0.086,-9.602,-7.890,1.338,1.298,1.11,20,no 5m/15m (finer than bar)
telegram,AzazelNews (Telegram),811170,2025-03-06 12:27:43,MS,MS,60m,yes,2025-03-06 12:30,120.77,,,,,0.083,0.088,-1.226,-1.802,-1.176,-1.221,1.35,20,no 5m/15m (finer than bar)
telegram,AzazelNews (Telegram),811170,2025-03-06 12:27:43,SPCX,SPCX,,,,,,,,,,,,,,,,,no bar after post in served window
telegram,AzazelNews (Telegram),811170,2025-03-06 12:27:43,TSLA,TSLA,60m,yes,2025-03-06 12:30,263.34,,,,,-0.148,-0.143,-0.270,-0.846,0.034,-0.011,1.11,20,no 5m/15m (finer than bar)
telegram,AzazelNews (Telegram),811776,2025-03-07 11:55:13,GOOGL,GOOGL,60m,yes,2025-03-07 12:30,171.63,,,,,1.026,0.222,-3.350,-2.063,1.282,-0.091,1.36,20,no 5m/15m (finer than bar)
telegram,AzazelNews (Telegram),811900,2025-03-07 12:41:17,BLK,BLK,60m,yes,2025-03-07 13:30,927.1725,,,,,1.734,1.050,-1.262,0.818,2.104,1.545,1.2,20,no 5m/15m (finer than bar)
telegram,AzazelNews (Telegram),811992,2025-03-07 13:11:22,MSFT,MSFT,60m,yes,2025-03-07 13:30,390.04,,,,,0.925,0.242,-2.513,-0.433,0.841,0.282,1.11,20,no 5m/15m (finer than bar)
telegram,AzazelNews (Telegram),812463,2025-03-08 12:05:11,GOOGL,GOOGL,60m,no,2025-03-10 09:30,167.88,,,,,-0.941,-0.576,-2.317,-0.296,-1.191,0.014,1.36,20,no 5m/15m (finer than bar)
telegram,AzazelNews (Telegram),812976,2025-03-09 14:26:15,AAP,AAP,60m,no,2025-03-10 09:30,35.31,,,,,4.800,5.166,3.540,5.561,3.597,4.802,1.85,20,no 5m/15m (finer than bar)
telegram,AzazelNews (Telegram),812979,2025-03-09 14:26:15,DJT,DJT,60m,no,2025-03-10 09:30,21.75,,,,,-3.195,-2.830,-10.000,-7.979,-8.529,-7.324,0.8,20,no 5m/15m (finer than bar)
telegram,AzazelNews (Telegram),813681,2025-03-10 12:10:30,PACS,PACS,60m,yes,2025-03-10 12:30,13.01,,,,,-1.998,-1.654,-5.611,-4.252,-2.998,-2.460,1.02,20,no 5m/15m (finer than bar)
telegram,AzazelNews (Telegram),813977,2025-03-10 15:18:13,BTC,BTC-USD,60m,yes,2025-03-10 16:00,78939.75,,,,,0.537,,4.946,,-0.469,,2.55,20,no 5m/15m (finer than bar); SPY not trading at base
telegram,AzazelNews (Telegram),813977,2025-03-10 15:18:13,ETH,ETH,60m,yes,2025-03-10 15:30,17.43,,,,,1.033,0.849,5.450,6.094,1.033,0.849,,,no 5m/15m (finer than bar); no volume baseline
telegram,AzazelNews (Telegram),814122,2025-03-10 20:04:16,ACM,ACM,60m,no,2025-03-11 09:30,96.01,,,,,-0.364,0.246,-1.510,-1.425,-1.646,-1.059,1.22,20,no 5m/15m (finer than bar)
telegram,AzazelNews (Telegram),821909,2025-03-21 13:13:49,FISI,FISI,60m,yes,2025-03-21 13:30,25.47,,,,,0.432,0.430,3.102,0.981,-0.393,-0.764,0.9,20,no 5m/15m (finer than bar)
telegram,AzazelNews (Telegram),822480,2025-03-22 15:26:03,TSLA,TSLA,60m,no,2025-03-24 09:30,258.075,,,,,6.252,5.844,11.654,10.857,7.891,7.327,1.53,20,no 5m/15m (finer than bar)
telegram,AzazelNews (Telegram),822528,2025-03-22 16:35:00,TSLA,TSLA,60m,no,2025-03-24 09:30,258.075,,,,,6.252,5.844,11.654,10.857,7.891,7.327,1.53,20,no 5m/15m (finer than bar)
telegram,AzazelNews (Telegram),822531,2025-03-22 16:35:00,TSLA,TSLA,60m,no,2025-03-24 09:30,258.075,,,,,6.252,5.844,11.654,10.857,7.891,7.327,1.53,20,no 5m/15m (finer than bar)
telegram,AzazelNews (Telegram),824185,2025-03-27 12:05:17,TSLA,TSLA,60m,yes,2025-03-27 12:30,280.43,,,,,-2.318,-1.986,-6.041,-3.784,-2.567,-2.281,1.6,20,no 5m/15m (finer than bar)
telegram,AzazelNews (Telegram),824737,2025-03-28 20:11:34,TSLA,TSLA,60m,no,2025-03-31 09:30,249.17,,,,,-1.517,-1.459,7.750,5.709,4.053,2.346,1.07,20,no 5m/15m (finer than bar)
telegram,AzazelNews (Telegram),825271,2025-03-29 18:08:54,TSLA,TSLA,60m,no,2025-03-31 09:30,249.17,,,,,-1.517,-1.459,7.750,5.709,4.053,2.346,1.07,20,no 5m/15m (finer than bar)
telegram,AzazelNews (Telegram),825496,2025-03-30 14:32:26,TSLA,TSLA,60m,no,2025-03-31 09:30,249.17,,,,,-1.517,-1.459,7.750,5.709,4.053,2.346,1.07,20,no 5m/15m (finer than bar)
telegram,AzazelNews (Telegram),825506,2025-03-30 14:32:27,TSLA,TSLA,60m,no,2025-03-31 09:30,249.17,,,,,-1.517,-1.459,7.750,5.709,4.053,2.346,1.07,20,no 5m/15m (finer than bar)
telegram,AzazelNews (Telegram),825646,2025-03-30 15:02:14,TSLA,TSLA,60m,no,2025-03-31 09:30,249.17,,,,,-1.517,-1.459,7.750,5.709,4.053,2.346,1.07,20,no 5m/15m (finer than bar)
telegram,AzazelNews (Telegram),825692,2025-03-30 15:12:29,TSLA,TSLA,60m,no,2025-03-31 09:30,249.17,,,,,-1.517,-1.459,7.750,5.709,4.053,2.346,1.07,20,no 5m/15m (finer than bar)
telegram,AzazelNews (Telegram),825712,2025-03-30 15:17:31,AP,AP,60m,no,2025-03-31 09:30,2.18,,,,,-3.362,-3.304,-2.294,-4.334,-0.459,-2.166,0.32,20,no 5m/15m (finer than bar)
telegram,AzazelNews (Telegram),825726,2025-03-30 15:21:14,TSLA,TSLA,60m,no,2025-03-31 09:30,249.17,,,,,-1.517,-1.459,7.750,5.709,4.053,2.346,1.07,20,no 5m/15m (finer than bar)
telegram,AzazelNews (Telegram),825786,2025-03-30 15:43:01,INTC,INTC,60m,no,2025-03-31 09:30,22.38,,,,,-0.514,-0.456,-1.452,-3.493,1.474,-0.233,0.57,20,no 5m/15m (finer than bar)
telegram,AzazelNews (Telegram),825845,2025-03-30 15:56:44,TSLA,TSLA,60m,no,2025-03-31 09:30,249.17,,,,,-1.517,-1.459,7.750,5.709,4.053,2.346,1.07,20,no 5m/15m (finer than bar)
telegram,AzazelNews (Telegram),826308,2025-03-31 13:36:42,TSLA,TSLA,60m,yes,2025-03-31 14:30,258.58,,,,,-0.724,-0.811,3.829,3.089,0.267,-0.144,1.12,20,no 5m/15m (finer than bar)
telegram,AzazelNews (Telegram),826328,2025-03-31 13:40:35,TSLA,TSLA,60m,yes,2025-03-31 14:30,258.58,,,,,-0.724,-0.811,3.829,3.089,0.267,-0.144,1.12,20,no 5m/15m (finer than bar)
telegram,AzazelNews (Telegram),826498,2025-03-31 14:43:14,DJT,DJT,60m,yes,2025-03-31 15:30,19.3601,,,,,0.981,0.637,4.700,4.027,0.981,0.637,,,no 5m/15m (finer than bar); no volume baseline
telegram,AzazelNews (Telegram),826507,2025-03-31 14:43:15,TSLA,TSLA,60m,yes,2025-03-31 15:30,256.69,,,,,1.005,0.661,4.593,3.920,1.005,0.661,,,no 5m/15m (finer than bar); no volume baseline
telegram,AzazelNews (Telegram),826521,2025-03-31 14:49:46,NMAX,NMAX,60m,yes,2025-03-31 15:30,68.6,,,,,19.898,19.554,241.108,240.435,19.898,19.554,,,no 5m/15m (finer than bar); no volume baseline
telegram,AzazelNews (Telegram),827209,2025-04-01 14:32:51,BLK,BLK,60m,yes,2025-04-01 15:30,942.36,,,,,0.155,-0.314,2.067,0.952,0.155,-0.314,,,no 5m/15m (finer than bar); no volume baseline
telegram,AzazelNews (Telegram),827262,2025-04-01 14:52:23,SPCX,SPCX,,,,,,,,,,,,,,,,,no bar after post in served window
telegram,AzazelNews (Telegram),827731,2025-04-02 13:41:30,APP,APP,60m,yes,2025-04-02 14:30,284.14,,,,,1.074,0.702,-7.721,-3.539,2.062,1.430,0.55,20,no 5m/15m (finer than bar)
telegram,AzazelNews (Telegram),827731,2025-04-02 13:41:30,ED,ED,60m,yes,2025-04-02 14:30,109.38,,,,,-0.178,-0.551,3.063,7.245,0.183,-0.450,0.8,20,no 5m/15m (finer than bar)
telegram,AzazelNews (Telegram),827731,2025-04-02 13:41:30,HELP,HELP,,,,,,,,,,,,,,,,,no bar after post in served window
telegram,AzazelNews (Telegram),827827,2025-04-02 15:24:06,FISI,FISI,60m,yes,2025-04-02 15:30,25.155,,,,,0.596,0.334,-10.634,-6.099,0.596,0.334,,,no 5m/15m (finer than bar); no volume baseline
telegram,AzazelNews (Telegram),827876,2025-04-02 15:40:29,DJT,DJT,60m,yes,2025-04-03 09:30,17.92,,,,,0.837,1.211,-4.688,2.577,2.707,4.077,1.03,20,no 5m/15m (finer than bar)
telegram,AzazelNews (Telegram),827963,2025-04-02 16:01:29,AMZN,AMZN,60m,no,2025-04-03 09:30,182.995,,,,,-1.675,-1.301,-6.566,0.699,-2.527,-1.157,2.9,20,no 5m/15m (finer than bar)
telegram,AzazelNews (Telegram),836190,2025-04-15 12:24:51,TSLA,TSLA,60m,yes,2025-04-15 12:30,255.23,,,,,-1.207,-0.608,-5.360,-2.535,-0.435,0.170,0.5,20,no 5m/15m (finer than bar)
telegram,AzazelNews (Telegram),836268,2025-04-15 13:47:44,AP,AP,60m,yes,2025-04-15 14:30,2.1,,,,,-1.667,-1.809,-6.667,-4.460,-0.476,-0.504,2.7,20,no 5m/15m (finer than bar)
telegram,AzazelNews (Telegram),836396,2025-04-15 14:57:23,BA,BA,60m,yes,2025-04-15 15:30,156.35,,,,,-0.531,-0.414,0.070,2.418,-0.531,-0.414,,,no 5m/15m (finer than bar); no volume baseline
telegram,AzazelNews (Telegram),837130,2025-04-16 18:11:05,BA,BA,60m,no,2025-04-17 09:30,157.13,,,,,0.417,0.864,1.407,3.997,2.991,3.228,0.64,20,no 5m/15m (finer than bar)
telegram,AzazelNews (Telegram),837637,2025-04-17 12:03:21,BA,BA,60m,yes,2025-04-17 12:30,161.265,,,,,0.811,1.145,-1.194,1.730,0.350,0.928,1.37,20,no 5m/15m (finer than bar)
telegram,AzazelNews (Telegram),837645,2025-04-17 12:03:22,NVDA,NVDA,60m,yes,2025-04-17 12:30,101.2351,,,,,-0.399,-0.065,-4.381,-1.457,0.173,0.751,0.83,20,no 5m/15m (finer than bar)
telegram,AzazelNews (Telegram),837689,2025-04-17 12:29:10,SPCX,SPCX,,,,,,,,,,,,,,,,,no bar after post in served window
telegram,AzazelNews (Telegram),837752,2025-04-17 12:57:39,NVDA,NVDA,60m,yes,2025-04-17 13:30,100.84,,,,,1.305,0.864,-4.006,-1.406,0.565,0.812,0.84,20,no 5m/15m (finer than bar)
telegram,AzazelNews (Telegram),838410,2025-04-18 12:06:14,DEA,DEA,60m,no,2025-04-21 09:30,20.2,,,,,-0.062,1.073,1.733,0.693,-1.114,0.339,0.69,20,no 5m/15m (finer than bar)
telegram,AzazelNews (Telegram),838524,2025-04-18 13:09:25,GLDM,GLDM,60m,no,2025-04-21 09:30,67.69,,,,,0.281,1.416,-1.256,-2.295,0.170,1.623,1.24,20,no 5m/15m (finer than bar)
telegram,AzazelNews (Telegram),838670,2025-04-18 18:45:53,ACHR,ACHR,60m,no,2025-04-21 09:30,7.13,,,,,-1.133,0.002,3.086,2.046,0.140,1.593,0.51,20,no 5m/15m (finer than bar)
telegram,AzazelNews (Telegram),838670,2025-04-18 18:45:53,UAL,UAL,60m,no,2025-04-21 09:30,65.0,,,,,-0.839,0.296,3.031,1.992,0.492,1.946,0.47,20,no 5m/15m (finer than bar)
telegram,AzazelNews (Telegram),838671,2025-04-18 18:46:17,ACHR,ACHR,60m,no,2025-04-21 09:30,7.13,,,,,-1.133,0.002,3.086,2.046,0.140,1.593,0.51,20,no 5m/15m (finer than bar)
telegram,AzazelNews (Telegram),838674,2025-04-18 18:48:12,ACHR,ACHR,60m,no,2025-04-21 09:30,7.13,,,,,-1.133,0.002,3.086,2.046,0.140,1.593,0.51,20,no 5m/15m (finer than bar)
telegram,AzazelNews (Telegram),839151,2025-04-19 12:47:56,TSLA,TSLA,60m,no,2025-04-21 09:30,229.5,,,,,-1.956,-0.821,3.769,2.730,-0.893,0.560,0.71,20,no 5m/15m (finer than bar)
telegram,AzazelNews (Telegram),839166,2025-04-19 14:11:20,DEA,DEA,60m,no,2025-04-21 09:30,20.2,,,,,-0.062,1.073,1.733,0.693,-1.114,0.339,0.69,20,no 5m/15m (finer than bar)
telegram,AzazelNews (Telegram),839950,2025-04-21 12:50:02,TSLA,TSLA,60m,yes,2025-04-21 13:30,223.45,,,,,0.435,0.443,6.579,3.241,1.790,1.002,0.52,20,no 5m/15m (finer than bar)
telegram,AzazelNews (Telegram),839958,2025-04-21 12:50:03,TSLA,TSLA,60m,yes,2025-04-21 13:30,223.45,,,,,0.435,0.443,6.579,3.241,1.790,1.002,0.52,20,no 5m/15m (finer than bar)
telegram,AzazelNews (Telegram),839997,2025-04-21 13:10:59,CXW,CXW,60m,yes,2025-04-21 13:30,21.4786,,,,,0.151,0.159,0.845,-2.493,0.193,-0.596,0.61,20,no 5m/15m (finer than bar)
telegram,AzazelNews (Telegram),840088,2025-04-21 13:38:50,TSLA,TSLA,60m,yes,2025-04-21 14:30,224.36,,,,,0.094,0.002,6.146,2.799,1.377,0.579,0.58,20,no 5m/15m (finer than bar)
telegram,AzazelNews (Telegram),841061,2025-04-22 16:11:54,DLTR,DLTR,60m,no,2025-04-23 09:30,84.43,,,,,0.598,-0.040,-3.849,-4.978,-1.208,-0.274,1.1,20,no 5m/15m (finer than bar)
telegram,AzazelNews (Telegram),841061,2025-04-22 16:11:54,HD,HD,60m,no,2025-04-23 09:30,361.92,,,,,0.047,-0.591,-0.638,-1.767,-1.569,-0.635,1.11,20,no 5m/15m (finer than bar)
telegram,AzazelNews (Telegram),841630,2025-04-23 16:08:05,NARA,NARA,,,,,,,,,,,,,,,,,no Yahoo bars for symbol (http 404)
telegram,AzazelNews (Telegram),842138,2025-04-24 13:49:42,HHS,HHS,60m,yes,2025-04-24 14:30,4.4305,,,,,0.000,0.117,4.277,3.357,0.000,-0.187,0.05,20,no 5m/15m (finer than bar)
telegram,AzazelNews (Telegram),843884,2025-04-26 13:43:09,TSLA,TSLA,60m,no,2025-04-28 09:30,289.0399,,,,,-0.887,-0.806,1.028,0.529,-1.094,-1.012,1.26,20,no 5m/15m (finer than bar)
telegram,AzazelNews (Telegram),844010,2025-04-26 14:50:00,TSLA,TSLA,60m,no,2025-04-28 09:30,289.0399,,,,,-0.887,-0.806,1.028,0.529,-1.094,-1.012,1.26,20,no 5m/15m (finer than bar)
telegram,AzazelNews (Telegram),844646,2025-04-27 14:44:13,TSLA,TSLA,60m,no,2025-04-28 09:30,289.0399,,,,,-0.887,-0.806,1.028,0.529,-1.094,-1.012,1.26,20,no 5m/15m (finer than bar)
telegram,AzazelNews (Telegram),844664,2025-04-27 14:52:35,XRP,XRP,,,,,,,,,,,,,,,,,no bar after post in served window
telegram,AzazelNews (Telegram),844998,2025-04-28 11:47:41,BLK,BLK,60m,yes,2025-04-28 12:30,912.665,,,,,-0.168,-0.047,0.825,-0.661,0.112,-0.787,0.44,20,no 5m/15m (finer than bar)
telegram,AzazelNews (Telegram),852158,2025-05-10 18:21:14,INTC,INTC,60m,no,2025-05-12 09:30,22.17,,,,,-1.037,-0.485,1.646,0.725,0.000,-0.234,1.1,20,no 5m/15m (finer than bar)
telegram,AzazelNews (Telegram),852183,2025-05-10 18:31:34,UNH,UNH,60m,no,2025-05-12 09:30,381.0,,,,,-0.404,0.148,-18.312,-19.234,-0.580,-0.814,1.5,20,no 5m/15m (finer than bar)
telegram,AzazelNews (Telegram),852655,2025-05-12 13:55:02,BA,BA,60m,yes,2025-05-12 14:30,198.1,,,,,0.056,0.135,2.660,1.827,0.192,0.046,0.87,20,no 5m/15m (finer than bar)
telegram,AzazelNews (Telegram),853269,2025-05-13 14:02:14,CAPI,CAPI,,,,,,,,,,,,,,,,,no Yahoo bars for symbol (http 404)
telegram,AzazelNews (Telegram),853458,2025-05-13 15:27:20,TSLA,TSLA,60m,yes,2025-05-13 15:30,335.03,,,,,-0.328,-0.055,3.702,3.853,-0.328,-0.055,,,no 5m/15m (finer than bar); no volume baseline
telegram,AzazelNews (Telegram),854040,2025-05-14 15:01:53,UNH,UNH,60m,yes,2025-05-14 15:30,311.12,,,,,-1.020,-1.113,-11.860,-12.440,-1.020,-1.113,,,no 5m/15m (finer than bar); no volume baseline
telegram,AzazelNews (Telegram),854083,2025-05-14 16:18:28,FTRKF,FTRKF,,,,,,,,,,,,,,,,,no bar after post in served window
telegram,AzazelNews (Telegram),854089,2025-05-14 16:18:28,TSLA,TSLA,60m,no,2025-05-15 09:30,340.345,,,,,-0.678,-0.734,2.778,1.286,0.700,-0.126,0.96,20,no 5m/15m (finer than bar)
telegram,AzazelNews (Telegram),854259,2025-05-14 17:57:01,BA,BA,60m,no,2025-05-15 09:30,207.35,,,,,-0.020,-0.076,-0.762,-2.255,-0.555,-1.381,1.16,20,no 5m/15m (finer than bar)
telegram,AzazelNews (Telegram),854259,2025-05-14 17:57:01,RTX,RTX,60m,no,2025-05-15 09:30,131.94,,,,,0.887,0.830,2.668,1.175,2.736,1.909,0.8,20,no 5m/15m (finer than bar)
telegram,AzazelNews (Telegram),854757,2025-05-15 14:46:07,BA,BA,60m,yes,2025-05-15 15:30,206.055,,,,,0.070,-0.210,-0.138,-1.081,0.070,-0.210,,,no 5m/15m (finer than bar); no volume baseline
telegram,AzazelNews (Telegram),855476,2025-05-16 17:08:48,DJT,DJT,60m,no,2025-05-19 09:30,24.84,,,,,0.725,0.173,0.201,-0.449,0.845,-0.163,0.46,20,no 5m/15m (finer than bar)
telegram,AzazelNews (Telegram),856395,2025-05-17 23:07:14,CETY,CETY,60m,no,2025-05-19 09:30,5.985,,,,,-1.103,-1.655,-2.256,-2.906,-6.015,-7.024,0.43,20,no 5m/15m (finer than bar)
telegram,AzazelNews (Telegram),856590,2025-05-18 16:15:17,BA,BA,60m,no,2025-05-19 09:30,203.0,,,,,0.921,0.369,2.291,1.640,1.133,0.124,0.6,20,no 5m/15m (finer than bar)
telegram,AzazelNews (Telegram),856974,2025-05-19 12:07:54,NVDA,NVDA,60m,yes,2025-05-19 12:30,135.2211,,,,,0.040,-0.150,-0.622,-0.428,0.199,0.037,0.81,20,no 5m/15m (finer than bar)
telegram,AzazelNews (Telegram),865205,2025-06-04 14:55:39,DIS,DIS,60m,yes,2025-06-04 15:30,113.76,,,,,-0.220,-0.029,-1.094,-0.419,-0.220,-0.029,,,no 5m/15m (finer than bar); no volume baseline
telegram,AzazelNews (Telegram),865200,2025-06-04 14:55:39,MNRO,MNRO,60m,yes,2025-06-04 15:30,15.89,,,,,0.441,0.631,-0.252,0.423,0.441,0.631,,,no 5m/15m (finer than bar); no volume baseline
telegram,AzazelNews (Telegram),865324,2025-06-04 16:08:31,GFS,GFS,60m,no,2025-06-05 09:30,37.89,,,,,-0.185,0.060,-0.449,-0.685,-1.003,-0.228,0.65,20,no 5m/15m (finer than bar)
telegram,AzazelNews (Telegram),865475,2025-06-04 17:32:52,AMZN,AMZN,60m,no,2025-06-05 09:30,209.5,,,,,0.148,0.393,1.919,1.683,-0.788,-0.013,1.23,20,no 5m/15m (finer than bar)
telegram,AzazelNews (Telegram),866640,2025-06-06 13:46:28,TSLA,TSLA,60m,yes,2025-06-06 14:30,300.31,,,,,-0.773,-0.733,2.780,2.783,-1.726,-1.635,0.99,20,no 5m/15m (finer than bar)
telegram,AzazelNews (Telegram),866675,2025-06-06 14:02:23,TSLA,TSLA,60m,yes,2025-06-06 14:30,300.31,,,,,-0.773,-0.733,2.780,2.783,-1.726,-1.635,0.99,20,no 5m/15m (finer than bar)
telegram,AzazelNews (Telegram),869106,2025-06-09 21:53:35,PLTR,PLTR,60m,no,2025-06-10 09:30,131.08,,,,,0.488,0.327,4.051,3.853,1.320,0.852,0.79,20,no 5m/15m (finer than bar)
telegram,AzazelNews (Telegram),870379,2025-06-11 14:09:39,NYT,NYT,60m,yes,2025-06-11 14:30,55.55,,,,,-0.252,-0.210,0.054,-0.437,0.306,0.193,1.18,20,no 5m/15m (finer than bar)
telegram,AzazelNews (Telegram),871577,2025-06-13 17:14:08,NYT,NYT,60m,no,2025-06-16 09:30,55.78,,,,,0.520,0.002,-3.550,-2.986,0.448,0.159,0.91,20,no 5m/15m (finer than bar)
telegram,AzazelNews (Telegram),881185,2025-07-01 14:47:49,MH,MH,,,,,,,,,,,,,,,,,no bar after post in served window
telegram,AzazelNews (Telegram),881691,2025-07-02 14:49:07,MSFT,MSFT,60m,yes,2025-07-02 15:30,490.245,,,,,0.148,0.048,1.771,0.806,0.148,0.048,,,no 5m/15m (finer than bar); no volume baseline
telegram,AzazelNews (Telegram),890975,2025-07-25 17:28:04,COIN,COIN,60m,no,2025-07-28 09:30,394.615,,,,,-3.577,-3.617,-5.883,-5.528,-3.894,-3.801,0.77,20,no 5m/15m (finer than bar)
telegram,AzazelNews (Telegram),890976,2025-07-25 17:28:30,NVDA,NVDA,60m,no,2025-07-28 09:30,174.02,,,,,0.520,0.480,0.856,1.211,1.569,1.661,0.78,20,no 5m/15m (finer than bar)
telegram,AzazelNews (Telegram),890976,2025-07-25 17:28:30,SMR,SMR,60m,no,2025-07-28 09:30,53.3,,,,,-6.004,-6.044,-8.086,-7.732,-4.296,-4.204,1.18,20,no 5m/15m (finer than bar)
telegram,AzazelNews (Telegram),890981,2025-07-25 17:31:16,OKLO,OKLO,60m,no,2025-07-28 09:30,77.5,,,,,-6.284,-6.324,-8.361,-8.007,-2.542,-2.449,1.07,20,no 5m/15m (finer than bar)
telegram,AzazelNews (Telegram),890981,2025-07-25 17:31:16,SMR,SMR,60m,no,2025-07-28 09:30,53.3,,,,,-6.004,-6.044,-8.086,-7.732,-4.296,-4.204,1.18,20,no 5m/15m (finer than bar)
telegram,AzazelNews (Telegram),891406,2025-07-27 13:35:51,ACHR,ACHR,60m,no,2025-07-28 09:30,11.41,,,,,-3.550,-3.590,-10.736,-10.382,-5.390,-5.298,0.72,20,no 5m/15m (finer than bar)
telegram,AzazelNews (Telegram),891410,2025-07-27 13:35:51,OKLO,OKLO,60m,no,2025-07-28 09:30,77.5,,,,,-6.284,-6.324,-8.361,-8.007,-2.542,-2.449,1.07,20,no 5m/15m (finer than bar)
telegram,AzazelNews (Telegram),891410,2025-07-27 13:35:51,VRT,VRT,60m,no,2025-07-28 09:30,139.13,,,,,0.395,0.355,2.616,2.971,2.451,2.543,1.2,20,no 5m/15m (finer than bar)
telegram,AzazelNews (Telegram),891414,2025-07-27 13:35:52,ACHR,ACHR,60m,no,2025-07-28 09:30,11.41,,,,,-3.550,-3.590,-10.736,-10.382,-5.390,-5.298,0.72,20,no 5m/15m (finer than bar)
telegram,AzazelNews (Telegram),891414,2025-07-27 13:35:52,JOBY,JOBY,60m,no,2025-07-28 09:30,18.43,,,,,-4.692,-4.732,-8.356,-8.001,-6.865,-6.773,0.75,20,no 5m/15m (finer than bar)
telegram,AzazelNews (Telegram),891775,2025-07-28 16:09:01,ACHR,ACHR,60m,no,2025-07-29 09:30,10.83,,,,,-4.571,-4.478,-6.325,-5.722,-5.956,-5.465,0.72,20,no 5m/15m (finer than bar)
telegram,AzazelNews (Telegram),891775,2025-07-28 16:09:01,DAL,DAL,60m,no,2025-07-29 09:30,55.97,,,,,-0.786,-0.694,-4.190,-3.587,-2.626,-2.136,0.35,20,no 5m/15m (finer than bar)
telegram,AzazelNews (Telegram),891775,2025-07-28 16:09:01,JOBY,JOBY,60m,no,2025-07-29 09:30,17.31,,,,,-1.482,-1.389,-2.773,-2.170,-2.426,-1.936,0.5,20,no 5m/15m (finer than bar)
telegram,AzazelNews (Telegram),891775,2025-07-28 16:09:01,TM,TM,60m,no,2025-07-29 09:30,185.0,,,,,-0.195,-0.102,-1.195,-0.592,-0.424,0.066,0.66,20,no 5m/15m (finer than bar)
telegram,AzazelNews (Telegram),891775,2025-07-28 16:09:01,UAL,UAL,60m,no,2025-07-29 09:30,92.62,,,,,-0.259,-0.167,-2.559,-1.956,-2.138,-1.647,0.8,20,no 5m/15m (finer than bar)
telegram,AzazelNews (Telegram),891775,2025-07-28 16:09:01,UBER,UBER,60m,no,2025-07-29 09:30,88.885,,,,,-1.952,-1.860,-1.401,-0.798,-1.986,-1.495,2.17,20,no 5m/15m (finer than bar)
telegram,AzazelNews (Telegram),892347,2025-07-29 17:18:54,PLTR,PLTR,60m,no,2025-07-30 09:30,157.365,,,,,0.734,0.669,0.601,1.222,0.848,1.072,0.65,20,no 5m/15m (finer than bar)
telegram,AzazelNews (Telegram),892349,2025-07-29 17:19:37,DAL,DAL,60m,no,2025-07-30 09:30,54.2,,,,,-0.092,-0.157,-1.808,-1.187,-1.061,-0.838,0.43,20,no 5m/15m (finer than bar)
telegram,AzazelNews (Telegram),892349,2025-07-29 17:19:37,JOBY,JOBY,60m,no,2025-07-30 09:30,16.385,,,,,5.523,5.459,1.556,2.177,2.716,2.939,0.67,20,no 5m/15m (finer than bar)
telegram,AzazelNews (Telegram),892349,2025-07-29 17:19:37,TM,TM,60m,no,2025-07-30 09:30,184.21,,,,,-0.282,-0.347,-2.861,-2.240,-0.771,-0.548,0.51,20,no 5m/15m (finer than bar)
telegram,AzazelNews (Telegram),892349,2025-07-29 17:19:37,UBER,UBER,60m,no,2025-07-30 09:30,87.24,,,,,-0.161,-0.225,0.585,1.206,0.459,0.682,0.71,20,no 5m/15m (finer than bar)
telegram,AzazelNews (Telegram),892354,2025-07-29 17:21:12,OKLO,OKLO,60m,no,2025-07-30 09:30,71.47,,,,,5.951,5.887,7.150,7.771,5.849,6.072,1.22,20,no 5m/15m (finer than bar)
telegram,AzazelNews (Telegram),892355,2025-07-29 17:27:25,ACHR,ACHR,60m,no,2025-07-30 09:30,10.25,,,,,-0.390,-0.455,-2.244,-1.623,-1.024,-0.801,0.38,20,no 5m/15m (finer than bar)
telegram,AzazelNews (Telegram),892355,2025-07-29 17:27:25,EH,EH,60m,no,2025-07-30 09:30,17.64,,,,,1.020,0.956,-0.737,-0.116,-0.907,-0.684,0.36,20,no 5m/15m (finer than bar)
telegram,AzazelNews (Telegram),892356,2025-07-29 17:30:46,PLTR,PLTR,60m,no,2025-07-30 09:30,157.365,,,,,0.734,0.669,0.601,1.222,0.848,1.072,0.65,20,no 5m/15m (finer than bar)
telegram,AzazelNews (Telegram),892357,2025-07-29 17:32:18,FLY,FLY,,,,,,,,,,,,,,,,,no bar after post in served window
telegram,AzazelNews (Telegram),892359,2025-07-29 17:33:47,FLY,FLY,,,,,,,,,,,,,,,,,no bar after post in served window
telegram,AzazelNews (Telegram),893140,2025-07-31 15:45:21,BRK-B,BRK-B,60m,yes,2025-08-01 09:30,473.47,,,,,-0.344,0.151,-2.999,-3.759,-0.186,0.547,1.36,20,no 5m/15m (finer than bar)
telegram,AzazelNews (Telegram),893839,2025-08-02 20:07:32,SMR,SMR,60m,no,2025-08-04 09:30,46.18,,,,,-1.992,-2.588,-2.230,-2.606,-6.117,-6.979,0.9,20,no 5m/15m (finer than bar)
telegram,AzazelNews (Telegram),893841,2025-08-02 20:08:43,JOBY,JOBY,60m,no,2025-08-04 09:30,18.38,,,,,10.042,9.446,6.012,5.636,10.909,10.047,2.61,20,no 5m/15m (finer than bar)
telegram,AzazelNews (Telegram),894346,2025-08-04 14:41:42,JOBY,JOBY,60m,yes,2025-08-04 15:30,20.55,,,,,-0.803,-0.929,-5.183,-4.826,-0.803,-0.929,,,no 5m/15m (finer than bar); no volume baseline
telegram,AzazelNews (Telegram),894350,2025-08-04 14:43:57,BA.L,BA.L,60m,no,2025-08-05 03:00,1837.5,,,,,0.054,,0.925,,-0.136,,0.0,20,no 5m/15m (finer than bar); SPY not trading at base
telegram,AzazelNews (Telegram),894882,2025-08-05 14:30:57,OKLO,OKLO,60m,yes,2025-08-05 15:30,83.52,,,,,0.682,0.835,-0.461,-1.048,0.682,0.835,,,no 5m/15m (finer than bar); no volume baseline
telegram,AzazelNews (Telegram),894883,2025-08-05 14:31:30,PLTR,PLTR,60m,yes,2025-08-05 15:30,171.86,,,,,0.838,0.991,4.504,3.917,0.838,0.991,,,no 5m/15m (finer than bar); no volume baseline
telegram,AzazelNews (Telegram),894936,2025-08-05 14:41:07,AP,AP,60m,yes,2025-08-05 15:30,3.39,,,,,0.088,0.241,2.950,2.363,0.088,0.241,,,no 5m/15m (finer than bar); no volume baseline
telegram,AzazelNews (Telegram),894946,2025-08-05 16:29:14,PLTR,PLTR,60m,no,2025-08-06 09:30,171.21,,,,,3.569,3.539,6.396,5.810,4.900,4.255,1.26,20,no 5m/15m (finer than bar)
telegram,AzazelNews (Telegram),894948,2025-08-05 16:30:33,FLY,FLY,60m,no,2025-08-07 12:30,70.0,,,,,-6.536,-6.185,-28.229,-28.999,-13.557,-13.563,,,no 5m/15m (finer than bar); no volume baseline
telegram,AzazelNews (Telegram),894948,2025-08-05 16:30:33,NOC,NOC,60m,no,2025-08-06 09:30,590.0,,,,,-0.052,-0.082,-0.425,-1.011,-0.147,-0.793,1.29,20,no 5m/15m (finer than bar)
telegram,AzazelNews (Telegram),895395,2025-08-06 18:37:57,MP,MP,60m,no,2025-08-07 09:30,71.0,,,,,0.144,0.525,4.747,4.608,0.028,0.649,0.49,20,no 5m/15m (finer than bar)
telegram,AzazelNews (Telegram),895744,2025-08-07 14:01:08,TSLA,TSLA,60m,yes,2025-08-07 14:30,317.26,,,,,0.533,0.477,3.915,2.772,1.585,1.209,0.56,20,no 5m/15m (finer than bar)
telegram,AzazelNews (Telegram),895754,2025-08-07 14:28:35,FLY,FLY,60m,yes,2025-08-07 14:30,63.7205,,,,,-0.158,-0.213,-21.156,-22.299,-5.038,-5.415,,,no 5m/15m (finer than bar); no volume baseline
telegram,AzazelNews (Telegram),895758,2025-08-07 14:28:36,ACCS,ACCS,60m,yes,2025-08-07 14:30,12.11,,,,,0.000,-0.056,-0.908,-2.051,0.000,-0.376,0.03,20,no 5m/15m (finer than bar)
telegram,AzazelNews (Telegram),895756,2025-08-07 14:28:36,BWXT,BWXT,60m,yes,2025-08-07 14:30,177.38,,,,,0.682,0.626,1.004,-0.140,1.206,0.830,1.07,20,no 5m/15m (finer than bar)
telegram,AzazelNews (Telegram),895757,2025-08-07 14:28:36,LHX,LHX,60m,yes,2025-08-07 14:30,273.98,,,,,-0.274,-0.329,-1.544,-2.687,-0.066,-0.442,1.32,20,no 5m/15m (finer than bar)
telegram,AzazelNews (Telegram),895760,2025-08-07 14:29:13,STDN,STDN,,,,,,,,,,,,,,,,,no bar after post in served window
telegram,AzazelNews (Telegram),895762,2025-08-07 14:29:48,BWXT,BWXT,60m,yes,2025-08-07 14:30,177.38,,,,,0.682,0.626,1.004,-0.140,1.206,0.830,1.07,20,no 5m/15m (finer than bar)
telegram,AzazelNews (Telegram),895763,2025-08-07 14:30:02,MP,MP,60m,yes,2025-08-07 15:30,70.855,,,,,0.233,-0.086,4.961,3.876,0.233,-0.086,,,no 5m/15m (finer than bar); no volume baseline
telegram,AzazelNews (Telegram),895764,2025-08-07 14:30:22,PLTR,PLTR,60m,yes,2025-08-07 15:30,180.2104,,,,,1.082,0.763,3.768,2.682,1.082,0.763,,,no 5m/15m (finer than bar); no volume baseline
telegram,AzazelNews (Telegram),895770,2025-08-07 15:34:16,FLY,FLY,60m,yes,2025-08-08 09:30,54.845,,,,,-0.255,-0.631,-2.188,-2.466,-8.396,-8.879,,,no 5m/15m (finer than bar); no volume baseline
telegram,AzazelNews (Telegram),896267,2025-08-08 16:25:52,NNE,NNE,60m,no,2025-08-11 09:30,35.3642,,,,,-0.351,-0.318,4.018,3.207,-0.719,-0.462,0.64,20,no 5m/15m (finer than bar)
telegram,AzazelNews (Telegram),896267,2025-08-08 16:25:52,STDN,STDN,,,,,,,,,,,,,,,,,no bar after post in served window
telegram,AzazelNews (Telegram),896278,2025-08-08 16:53:09,OKLO,OKLO,60m,no,2025-08-11 09:30,74.29,,,,,-1.097,-1.064,5.654,4.843,-3.244,-2.987,0.6,20,no 5m/15m (finer than bar)
telegram,AzazelNews (Telegram),896283,2025-08-08 16:56:22,OKLO,OKLO,60m,no,2025-08-11 09:30,74.29,,,,,-1.097,-1.064,5.654,4.843,-3.244,-2.987,0.6,20,no 5m/15m (finer than bar)
telegram,AzazelNews (Telegram),896288,2025-08-08 17:07:50,STDN,STDN,,,,,,,,,,,,,,,,,no bar after post in served window
telegram,AzazelNews (Telegram),896951,2025-08-10 15:57:41,ATHR,ATHR,60m,no,2025-08-11 09:30,8.52,,,,,-4.812,-4.779,4.460,3.649,-0.822,-0.564,0.84,20,no 5m/15m (finer than bar)
telegram,AzazelNews (Telegram),896955,2025-08-10 17:50:35,JOBY,JOBY,60m,no,2025-08-11 09:30,16.85,,,,,3.056,3.089,6.973,6.162,1.306,1.563,0.45,20,no 5m/15m (finer than bar)
telegram,AzazelNews (Telegram),896959,2025-08-10 17:55:25,PLTR,PLTR,60m,no,2025-08-11 09:30,186.58,,,,,0.026,0.059,0.177,-0.634,-2.085,-1.828,1.01,20,no 5m/15m (finer than bar)
telegram,AzazelNews (Telegram),896969,2025-08-10 18:26:27,ACHR,ACHR,60m,no,2025-08-11 09:30,9.895,,,,,-2.021,-1.988,3.689,2.878,-3.537,-3.280,0.71,20,no 5m/15m (finer than bar)
telegram,AzazelNews (Telegram),896972,2025-08-10 18:39:03,PLTR,PLTR,60m,no,2025-08-11 09:30,186.58,,,,,0.026,0.059,0.177,-0.634,-2.085,-1.828,1.01,20,no 5m/15m (finer than bar)
telegram,AzazelNews (Telegram),897246,2025-08-11 15:17:52,KTOS,KTOS,60m,yes,2025-08-11 15:30,65.015,,,,,0.638,0.706,6.345,5.342,0.638,0.706,,,no 5m/15m (finer than bar); no volume baseline
telegram,AzazelNews (Telegram),897248,2025-08-11 16:13:58,ACHR,ACHR,60m,no,2025-08-12 09:30,9.25,,,,,7.302,7.145,10.162,9.130,10.919,10.239,2.61,20,no 5m/15m (finer than bar)
telegram,AzazelNews (Telegram),897249,2025-08-11 16:14:15,OKLO,OKLO,60m,no,2025-08-12 09:30,71.17,,,,,2.318,2.162,8.740,7.707,10.285,9.605,1.04,20,no 5m/15m (finer than bar)
telegram,AzazelNews (Telegram),897249,2025-08-11 16:14:15,SMR,SMR,60m,no,2025-08-12 09:30,38.69,,,,,0.196,0.039,-3.619,-4.651,-1.344,-2.024,0.67,20,no 5m/15m (finer than bar)
telegram,AzazelNews (Telegram),897250,2025-08-11 16:14:50,ACHR,ACHR,60m,no,2025-08-12 09:30,9.25,,,,,7.302,7.145,10.162,9.130,10.919,10.239,2.61,20,no 5m/15m (finer than bar)
telegram,AzazelNews (Telegram),897250,2025-08-11 16:14:50,VIRT,VIRT,60m,no,2025-08-12 09:30,42.47,,,,,-0.824,-0.981,-1.530,-2.563,-0.848,-1.528,1.04,20,no 5m/15m (finer than bar)
telegram,AzazelNews (Telegram),897254,2025-08-11 16:16:35,BA.L,BA.L,60m,no,2025-08-12 03:00,1710.0,,,,,0.468,,1.316,,0.819,,0.0,20,no 5m/15m (finer than bar); SPY not trading at base
telegram,AzazelNews (Telegram),897545,2025-08-11 21:45:43,OKLO,OKLO,60m,no,2025-08-12 09:30,71.17,,,,,2.318,2.162,8.740,7.707,10.285,9.605,1.04,20,no 5m/15m (finer than bar)
telegram,AzazelNews (Telegram),897869,2025-08-12 16:32:08,LTBR,LTBR,60m,no,2025-08-13 09:30,17.76,,,,,-0.619,-0.515,-8.277,-8.282,-3.547,-3.543,2.98,20,no 5m/15m (finer than bar)
telegram,AzazelNews (Telegram),897869,2025-08-12 16:32:08,OKLO,OKLO,60m,no,2025-08-13 09:30,81.05,,,,,-5.947,-5.843,-9.118,-9.123,-4.516,-4.511,1.19,20,no 5m/15m (finer than bar)
telegram,AzazelNews (Telegram),897870,2025-08-12 16:34:06,RKLB,RKLB,60m,no,2025-08-13 09:30,44.03,,,,,-2.591,-2.487,-2.771,-2.776,-2.317,-2.312,0.67,20,no 5m/15m (finer than bar)
telegram,AzazelNews (Telegram),897873,2025-08-12 17:47:18,ACHR,ACHR,60m,no,2025-08-13 09:30,10.525,,,,,-4.085,-3.982,-5.273,-5.278,-3.183,-3.178,0.92,20,no 5m/15m (finer than bar)
telegram,AzazelNews (Telegram),897887,2025-08-12 18:13:47,LHX,LHX,60m,no,2025-08-13 09:30,271.13,,,,,-0.052,0.052,-0.029,-0.034,-0.314,-0.309,0.97,20,no 5m/15m (finer than bar)
telegram,AzazelNews (Telegram),897889,2025-08-12 18:26:15,FLY,FLY,60m,no,2025-08-13 09:30,51.52,,,,,1.863,1.967,-4.474,-4.479,-1.611,-1.606,,,no 5m/15m (finer than bar); no volume baseline
telegram,AzazelNews (Telegram),897958,2025-08-12 20:21:29,ACM,ACM,60m,no,2025-08-13 09:30,121.1,,,,,-0.950,-0.846,-0.809,-0.814,0.751,0.756,0.79,20,no 5m/15m (finer than bar)
telegram,AzazelNews (Telegram),898273,2025-08-13 10:42:14,USAR,USAR,60m,yes,2025-08-13 11:30,17.55,,,,,-0.936,-0.874,1.225,1.028,-3.419,-3.607,1.29,20,no 5m/15m (finer than bar)
telegram,AzazelNews (Telegram),898274,2025-08-13 10:43:05,UEC,UEC,60m,yes,2025-08-13 11:30,10.235,,,,,1.308,1.370,0.244,0.047,-0.049,-0.237,0.84,20,no 5m/15m (finer than bar)
telegram,AzazelNews (Telegram),898275,2025-08-13 10:43:21,OKLO,OKLO,60m,yes,2025-08-13 11:30,78.695,,,,,-1.646,-1.583,-6.398,-6.595,-1.658,-1.846,0.89,20,no 5m/15m (finer than bar)
telegram,AzazelNews (Telegram),898276,2025-08-13 10:46:06,ACHR,ACHR,60m,yes,2025-08-13 11:30,10.185,,,,,-0.982,-0.920,-2.111,-2.308,0.049,-0.139,0.77,20,no 5m/15m (finer than bar)
telegram,AzazelNews (Telegram),898276,2025-08-13 10:46:06,KTOS,KTOS,60m,yes,2025-08-13 11:30,65.925,,,,,0.783,0.845,4.846,4.649,4.285,4.097,1.01,20,no 5m/15m (finer than bar)
telegram,AzazelNews (Telegram),898278,2025-08-13 10:58:25,USAR,USAR,60m,yes,2025-08-13 11:30,17.55,,,,,-0.936,-0.874,1.225,1.028,-3.419,-3.607,1.29,20,no 5m/15m (finer than bar)
telegram,AzazelNews (Telegram),898361,2025-08-13 16:20:39,SRFM,SRFM,60m,no,2025-08-14 09:30,4.725,,,,,-0.952,-1.211,-5.609,-5.745,0.318,-0.050,0.83,20,no 5m/15m (finer than bar)
telegram,AzazelNews (Telegram),898371,2025-08-13 16:32:39,USAR,USAR,60m,no,2025-08-14 09:30,16.705,,,,,3.861,3.603,2.963,2.826,6.345,5.978,1.16,20,no 5m/15m (finer than bar)
telegram,AzazelNews (Telegram),898417,2025-08-13 19:06:39,SRFM,SRFM,60m,no,2025-08-14 09:30,4.725,,,,,-0.952,-1.211,-5.609,-5.745,0.318,-0.050,0.83,20,no 5m/15m (finer than bar)
telegram,AzazelNews (Telegram),898662,2025-08-14 12:13:02,EQIX,EQIX,60m,yes,2025-08-14 12:30,766.605,,,,,0.513,0.216,1.918,1.861,1.145,0.857,1.73,20,no 5m/15m (finer than bar)
telegram,AzazelNews (Telegram),898667,2025-08-14 13:56:16,JOBY,JOBY,60m,yes,2025-08-14 14:30,17.2756,,,,,0.413,0.264,-3.737,-3.642,0.373,0.238,0.36,20,no 5m/15m (finer than bar)
telegram,AzazelNews (Telegram),898898,2025-08-15 09:19:52,ACHR,ACHR,60m,no,2025-08-15 09:30,10.18,,,,,-3.094,-2.819,-3.242,-2.822,-3.438,-3.046,0.67,20,no 5m/15m (finer than bar)
telegram,AzazelNews (Telegram),898903,2025-08-15 13:32:59,ACHR,ACHR,60m,yes,2025-08-15 14:30,9.98,,,,,-0.596,-0.484,-1.303,-1.110,-1.503,-1.339,0.46,20,no 5m/15m (finer than bar)
telegram,AzazelNews (Telegram),898905,2025-08-15 13:34:54,ACHR,ACHR,60m,yes,2025-08-15 14:30,9.98,,,,,-0.596,-0.484,-1.303,-1.110,-1.503,-1.339,0.46,20,no 5m/15m (finer than bar)
telegram,AzazelNews (Telegram),898912,2025-08-15 14:02:50,CEG,CEG,60m,yes,2025-08-15 14:30,321.8,,,,,-0.109,0.003,0.245,0.438,0.096,0.261,1.2,20,no 5m/15m (finer than bar)
telegram,AzazelNews (Telegram),898913,2025-08-15 14:05:10,JOBY,JOBY,60m,yes,2025-08-15 14:30,16.745,,,,,-0.388,-0.277,-4.091,-3.898,-0.687,-0.522,0.78,20,no 5m/15m (finer than bar)
telegram,AzazelNews (Telegram),898954,2025-08-15 14:41:54,PLTR,PLTR,60m,yes,2025-08-15 15:30,177.21,,,,,-0.040,0.013,-1.800,-1.719,-0.040,0.013,,,no 5m/15m (finer than bar); no volume baseline
telegram,AzazelNews (Telegram),899277,2025-08-16 11:08:54,INTC,INTC,60m,no,2025-08-18 09:30,24.01,,,,,-0.250,-0.272,5.444,5.928,-1.562,-1.627,1.35,20,no 5m/15m (finer than bar)
telegram,AzazelNews (Telegram),899525,2025-08-16 21:49:46,OKLO,OKLO,60m,no,2025-08-18 09:30,70.5,,,,,-2.213,-2.235,-7.234,-6.750,-2.199,-2.264,0.45,20,no 5m/15m (finer than bar)
telegram,AzazelNews (Telegram),899863,2025-08-18 10:39:39,TMC,TMC,60m,yes,2025-08-18 11:30,4.87,,,,,-1.027,-1.087,-2.875,-2.411,-1.875,-1.960,1.01,20,no 5m/15m (finer than bar)
telegram,AzazelNews (Telegram),899871,2025-08-18 14:13:25,TVA,TVA,60m,yes,2025-08-20 15:30,10.15,,,,,0.000,0.043,-0.229,0.198,0.000,0.043,,,no 5m/15m (finer than bar); no volume baseline
telegram,AzazelNews (Telegram),899871,2025-08-18 14:13:25,TVE,TVE,60m,yes,2025-08-18 14:30,23.5401,,,,,0.418,0.345,0.216,0.688,0.637,0.560,0.0,20,no 5m/15m (finer than bar)
telegram,AzazelNews (Telegram),899883,2025-08-18 14:38:19,NNE,NNE,60m,yes,2025-08-18 15:30,32.41,,,,,-1.082,-1.087,-9.519,-8.975,-1.082,-1.087,,,no 5m/15m (finer than bar); no volume baseline
telegram,AzazelNews (Telegram),899887,2025-08-18 15:02:53,FLY,FLY,60m,yes,2025-08-18 15:30,48.635,,,,,-0.586,-0.591,-6.631,-6.087,-0.586,-0.591,,,no 5m/15m (finer than bar); no volume baseline
telegram,AzazelNews (Telegram),899888,2025-08-18 15:16:36,TMC,TMC,60m,yes,2025-08-18 15:30,4.795,,,,,-0.340,-0.345,-1.356,-0.811,-0.340,-0.345,,,no 5m/15m (finer than bar); no volume baseline
telegram,AzazelNews (Telegram),899893,2025-08-18 15:16:36,TMC,TMC,60m,yes,2025-08-18 15:30,4.795,,,,,-0.340,-0.345,-1.356,-0.811,-0.340,-0.345,,,no 5m/15m (finer than bar); no volume baseline
telegram,AzazelNews (Telegram),899904,2025-08-18 15:16:37,ACHR,ACHR,60m,yes,2025-08-18 15:30,9.84,,,,,0.102,0.097,-5.640,-5.096,0.102,0.097,,,no 5m/15m (finer than bar); no volume baseline
telegram,AzazelNews (Telegram),899898,2025-08-18 15:16:37,OKLO,OKLO,60m,yes,2025-08-18 15:30,69.52,,,,,-0.820,-0.825,-5.926,-5.382,-0.820,-0.825,,,no 5m/15m (finer than bar); no volume baseline
telegram,AzazelNews (Telegram),899907,2025-08-18 15:16:37,PLTR,PLTR,60m,yes,2025-08-18 15:30,173.49,,,,,0.305,0.301,-9.090,-8.546,0.305,0.301,,,no 5m/15m (finer than bar); no volume baseline
telegram,AzazelNews (Telegram),899907,2025-08-18 15:16:37,TSLA,TSLA,60m,yes,2025-08-18 15:30,334.82,,,,,0.099,0.094,-1.643,-1.099,0.099,0.094,,,no 5m/15m (finer than bar); no volume baseline
telegram,AzazelNews (Telegram),899898,2025-08-18 15:16:37,UEC,UEC,60m,yes,2025-08-18 15:30,10.595,,,,,0.142,0.137,-8.872,-8.328,0.142,0.137,,,no 5m/15m (finer than bar); no volume baseline
telegram,AzazelNews (Telegram),911036,2025-09-21 15:47:38,INTC,INTC,60m,no,2025-09-22 09:30,29.67,,,,,-0.522,-0.806,-1.079,-1.237,-3.101,-3.792,1.04,20,no 5m/15m (finer than bar)
telegram,AzazelNews (Telegram),911922,2025-09-23 14:29:11,RDGL,RDGL,60m,yes,2025-09-23 15:30,0.0933,,,,,0.000,-0.133,-6.431,-6.229,0.000,-0.133,,,no 5m/15m (finer than bar); no volume baseline
telegram,AzazelNews (Telegram),912672,2025-09-25 18:52:25,PLTR,PLTR,60m,no,2025-09-26 09:30,178.935,,,,,-1.917,-1.806,-0.053,-0.673,-0.774,-1.111,0.58,20,no 5m/15m (finer than bar)
telegram,AzazelNews (Telegram),912676,2025-09-25 18:54:08,MP,MP,60m,no,2025-09-26 09:30,77.0,,,,,-6.182,-6.071,-11.435,-12.055,-10.753,-11.090,1.69,20,no 5m/15m (finer than bar)
telegram,AzazelNews (Telegram),912682,2025-09-25 18:57:52,MDCE,MDCE,60m,no,2025-09-26 12:30,0.0002,,,,,0.000,-0.178,,,0.000,-0.194,0.0,20,no 5m/15m/1d (finer than bar)
telegram,AzazelNews (Telegram),912684,2025-09-25 19:01:53,BABA,BABA,60m,no,2025-09-26 09:30,172.17,,,,,-1.051,-0.941,4.484,3.864,-0.160,-0.496,0.49,20,no 5m/15m (finer than bar)
telegram,AzazelNews (Telegram),912684,2025-09-25 19:01:53,BIDU,BIDU,60m,no,2025-09-26 09:30,133.0,,,,,-1.278,-1.168,1.376,0.756,-1.248,-1.585,0.32,20,no 5m/15m (finer than bar)
telegram,AzazelNews (Telegram),913889,2025-09-29 16:26:15,OKLO,OKLO,60m,no,2025-09-30 09:30,115.46,,,,,-2.832,-2.821,0.450,-0.390,-3.361,-3.837,1.05,20,no 5m/15m (finer than bar)
telegram,AzazelNews (Telegram),913895,2025-09-29 16:41:32,TSLA,TSLA,60m,no,2025-09-30 09:30,441.59,,,,,-0.663,-0.652,4.049,3.209,0.668,0.191,0.5,20,no 5m/15m (finer than bar)
telegram,AzazelNews (Telegram),914246,2025-09-30 14:58:41,DPRO,DPRO,60m,yes,2025-09-30 15:30,8.1801,,,,,-0.368,-0.475,13.018,12.549,-0.368,-0.475,,,no 5m/15m (finer than bar); no volume baseline
telegram,AzazelNews (Telegram),914248,2025-09-30 14:59:42,DPRO,DPRO,60m,yes,2025-09-30 15:30,8.1801,,,,,-0.368,-0.475,13.018,12.549,-0.368,-0.475,,,no 5m/15m (finer than bar); no volume baseline
telegram,AzazelNews (Telegram),914252,2025-09-30 15:03:54,VG,VG,60m,yes,2025-09-30 15:30,14.165,,,,,0.176,0.070,3.918,3.449,0.176,0.070,,,no 5m/15m (finer than bar); no volume baseline
telegram,AzazelNews (Telegram),914353,2025-09-30 22:36:50,AMZN,AMZN,60m,no,2025-10-01 09:30,217.26,,,,,0.999,0.643,2.370,1.469,1.537,0.734,0.71,20,no 5m/15m (finer than bar)
telegram,AzazelNews (Telegram),914364,2025-09-30 22:43:54,SPCX,SPCX,,,,,,,,,,,,,,,,,no bar after post in served window
telegram,AzazelNews (Telegram),914623,2025-10-01 15:04:40,TDY,TDY,60m,yes,2025-10-01 15:30,574.51,,,,,0.090,0.183,1.377,1.372,0.090,0.183,,,no 5m/15m (finer than bar); no volume baseline
telegram,AzazelNews (Telegram),915355,2025-10-03 16:20:59,ACHR,ACHR,60m,no,2025-10-06 09:30,12.1,,,,,5.486,5.650,3.017,3.387,12.603,12.609,3.63,20,no 5m/15m (finer than bar)
telegram,AzazelNews (Telegram),915696,2025-10-04 10:46:21,INTC,INTC,60m,no,2025-10-06 09:30,37.185,,,,,1.560,1.724,0.000,0.371,-1.681,-1.675,1.01,20,no 5m/15m (finer than bar)
telegram,AzazelNews (Telegram),916184,2025-10-05 16:46:46,LAC,LAC,60m,no,2025-10-06 09:30,9.45,,,,,-3.333,-3.169,-12.487,-12.116,-10.418,-10.412,1.53,20,no 5m/15m (finer than bar)
telegram,AzazelNews (Telegram),916184,2025-10-05 16:46:46,MP,MP,60m,no,2025-10-06 09:30,73.3,,,,,-0.409,-0.245,0.668,1.039,1.405,1.411,0.88,20,no 5m/15m (finer than bar)
telegram,AzazelNews (Telegram),916184,2025-10-05 16:46:46,USAR,USAR,60m,no,2025-10-06 09:30,27.89,,,,,-3.370,-3.206,1.183,1.554,-5.629,-5.623,2.84,20,no 5m/15m (finer than bar)
telegram,AzazelNews (Telegram),916185,2025-10-05 16:47:10,MP,MP,60m,no,2025-10-06 09:30,73.3,,,,,-0.409,-0.245,0.668,1.039,1.405,1.411,0.88,20,no 5m/15m (finer than bar)
telegram,AzazelNews (Telegram),916186,2025-10-05 16:47:23,MP,MP,60m,no,2025-10-06 09:30,73.3,,,,,-0.409,-0.245,0.668,1.039,1.405,1.411,0.88,20,no 5m/15m (finer than bar)
telegram,AzazelNews (Telegram),916187,2025-10-05 16:48:24,MP,MP,60m,no,2025-10-06 09:30,73.3,,,,,-0.409,-0.245,0.668,1.039,1.405,1.411,0.88,20,no 5m/15m (finer than bar)
telegram,AzazelNews (Telegram),916479,2025-10-06 11:29:52,NOC,NOC,60m,yes,2025-10-06 11:30,614.64,,,,,0.346,0.247,1.139,1.440,0.662,0.598,0.6,20,no 5m/15m (finer than bar)
telegram,AzazelNews (Telegram),916482,2025-10-06 11:34:36,DPRO,DPRO,60m,yes,2025-10-06 12:30,9.675,,,,,-0.775,-0.809,10.388,10.790,-3.154,-3.116,0.87,20,no 5m/15m (finer than bar)
telegram,AzazelNews (Telegram),917022,2025-10-07 15:03:18,CRML,CRML,60m,yes,2025-10-07 15:30,10.115,,,,,-0.989,-1.072,16.461,15.792,-0.989,-1.072,,,no 5m/15m (finer than bar); no volume baseline
telegram,AzazelNews (Telegram),917035,2025-10-07 15:12:18,RCAT,RCAT,60m,yes,2025-10-07 15:30,14.72,,,,,0.543,0.460,-2.514,-3.182,0.543,0.460,,,no 5m/15m (finer than bar); no volume baseline
telegram,AzazelNews (Telegram),917035,2025-10-07 15:12:18,UMAC,UMAC,60m,yes,2025-10-07 15:30,15.845,,,,,0.347,0.263,-1.168,-1.836,0.347,0.263,,,no 5m/15m (finer than bar); no volume baseline
telegram,AzazelNews (Telegram),917143,2025-10-07 17:44:11,OKLO,OKLO,60m,no,2025-10-08 09:30,135.85,,,,,-1.406,-1.651,1.649,1.509,-0.802,-1.219,0.54,20,no 5m/15m (finer than bar)
telegram,AzazelNews (Telegram),917143,2025-10-07 17:44:11,XE,XE,,,,,,,,,,,,,,,,,no bar after post in served window
telegram,AzazelNews (Telegram),917147,2025-10-07 17:48:48,MT,MT,60m,no,2025-10-08 09:30,40.41,,,,,1.289,1.044,-2.202,-2.343,1.312,0.895,4.04,20,no 5m/15m (finer than bar)
telegram,AzazelNews (Telegram),917149,2025-10-07 17:52:54,ACHR,ACHR,60m,no,2025-10-08 09:30,11.72,,,,,-2.645,-2.890,7.967,7.827,6.229,5.812,2.27,20,no 5m/15m (finer than bar)
telegram,AzazelNews (Telegram),917149,2025-10-07 17:52:54,JOBY,JOBY,60m,no,2025-10-08 09:30,16.86,,,,,-0.148,-0.393,1.601,1.461,2.995,2.579,3.6,20,no 5m/15m (finer than bar)
telegram,AzazelNews (Telegram),917149,2025-10-07 17:52:54,TSLA,TSLA,60m,no,2025-10-08 09:30,437.758,,,,,-0.733,-0.978,-0.509,-0.649,0.192,-0.224,0.83,20,no 5m/15m (finer than bar)
telegram,AzazelNews (Telegram),917248,2025-10-07 23:06:22,CRML,CRML,60m,no,2025-10-08 09:30,12.17,,,,,-2.959,-3.204,20.789,20.649,-3.205,-3.621,3.54,20,no 5m/15m (finer than bar)
telegram,AzazelNews (Telegram),917495,2025-10-08 14:45:24,JOBY,JOBY,60m,yes,2025-10-08 15:30,17.4375,,,,,-0.416,-0.438,-1.763,-1.511,-0.416,-0.438,,,no 5m/15m (finer than bar); no volume baseline
telegram,AzazelNews (Telegram),917496,2025-10-08 14:45:58,SECZ,SECZ,,,,,,,,,,,,,,,,,no bar after post in served window
telegram,AzazelNews (Telegram),917497,2025-10-08 14:46:55,TMQ,TMQ,60m,yes,2025-10-08 15:30,6.385,,,,,-1.175,-1.197,2.876,3.128,-1.175,-1.197,,,no 5m/15m (finer than bar); no volume baseline
telegram,AzazelNews (Telegram),917501,2025-10-08 16:14:07,TMQ,TMQ,60m,no,2025-10-09 09:30,6.87,,,,,-4.221,-3.879,-13.392,-10.360,-4.387,-4.040,1.17,20,no 5m/15m (finer than bar)
telegram,AzazelNews (Telegram),917877,2025-10-09 13:30:29,ACHR,ACHR,60m,yes,2025-10-09 14:30,12.105,,,,,3.535,3.430,-1.057,1.436,4.533,4.327,1.34,20,no 5m/15m (finer than bar)
telegram,AzazelNews (Telegram),917877,2025-10-09 13:30:29,TSLA,TSLA,60m,yes,2025-10-09 14:30,431.47,,,,,0.907,0.803,-4.211,-1.718,0.941,0.735,0.67,20,no 5m/15m (finer than bar)
telegram,AzazelNews (Telegram),917885,2025-10-09 13:36:41,LAC,LAC,60m,yes,2025-10-09 14:30,8.0563,,,,,0.709,0.604,-6.793,-4.300,-0.078,-0.284,0.63,20,no 5m/15m (finer than bar)
telegram,AzazelNews (Telegram),917885,2025-10-09 13:36:41,METC,METC,60m,yes,2025-10-09 14:30,46.89,,,,,0.640,0.535,0.682,3.176,-1.066,-1.272,1.1,20,no 5m/15m (finer than bar)
telegram,AzazelNews (Telegram),917885,2025-10-09 13:36:41,MP,MP,60m,yes,2025-10-09 14:30,72.56,,,,,-0.600,-0.704,7.989,10.482,-0.331,-0.537,1.33,20,no 5m/15m (finer than bar)
telegram,AzazelNews (Telegram),917885,2025-10-09 13:36:41,NB,NB,60m,yes,2025-10-09 14:30,9.627,,,,,0.343,0.238,8.133,10.627,2.316,2.110,1.04,20,no 5m/15m (finer than bar)
telegram,AzazelNews (Telegram),917885,2025-10-09 13:36:41,TMQ,TMQ,60m,yes,2025-10-09 14:30,6.6645,,,,,0.383,0.278,-10.721,-8.228,-1.439,-1.645,1.63,20,no 5m/15m (finer than bar)
telegram,AzazelNews (Telegram),917885,2025-10-09 13:36:41,USAR,USAR,60m,yes,2025-10-09 14:30,31.118,,,,,-0.058,-0.162,4.763,7.256,-0.090,-0.296,1.61,20,no 5m/15m (finer than bar)
telegram,AzazelNews (Telegram),917885,2025-10-09 13:36:41,UUUU,UUUU,60m,yes,2025-10-09 14:30,19.425,,,,,0.849,0.745,4.330,6.823,1.261,1.055,1.25,20,no 5m/15m (finer than bar)
telegram,AzazelNews (Telegram),918075,2025-10-10 10:54:16,RTX,RTX,60m,yes,2025-10-10 11:30,159.91,,,,,-0.253,-0.122,-0.666,-0.758,-1.388,0.020,2.51,20,no 5m/15m (finer than bar)
telegram,AzazelNews (Telegram),918080,2025-10-10 11:00:54,QUBT,QUBT,60m,yes,2025-10-10 11:30,20.0428,,,,,1.533,1.664,6.871,6.779,-5.128,-3.720,1.78,20,no 5m/15m (finer than bar)
telegram,AzazelNews (Telegram),918083,2025-10-10 11:12:29,USAR,USAR,60m,yes,2025-10-10 11:30,36.075,,,,,-0.478,-0.347,7.304,7.212,-9.633,-8.224,8.48,20,no 5m/15m (finer than bar)
telegram,AzazelNews (Telegram),918205,2025-10-10 20:25:26,GOOGL,GOOGL,60m,no,2025-10-13 09:30,240.21,,,,,0.175,0.144,2.173,1.938,1.632,1.269,0.8,20,no 5m/15m (finer than bar)
telegram,AzazelNews (Telegram),918402,2025-10-11 11:53:06,INTC,INTC,60m,no,2025-10-13 09:30,36.45,,,,,2.099,2.068,-2.195,-2.429,2.085,1.722,0.78,20,no 5m/15m (finer than bar)
telegram,AzazelNews (Telegram),929834,2025-11-13 13:19:54,AMZN,AMZN,60m,yes,2025-11-13 13:30,238.11,,,,,0.395,0.288,-1.432,-1.303,-0.223,-0.108,0.65,20,no 5m/15m (finer than bar)
telegram,AzazelNews (Telegram),929834,2025-11-13 13:19:54,IONQ,IONQ,60m,yes,2025-11-13 13:30,45.0065,,,,,0.419,0.312,4.829,4.959,0.874,0.989,1.36,20,no 5m/15m (finer than bar)
telegram,AzazelNews (Telegram),929834,2025-11-13 13:19:54,QUBT,QUBT,60m,yes,2025-11-13 13:30,9.985,,,,,0.601,0.494,6.259,6.389,0.350,0.465,0.36,20,no 5m/15m (finer than bar)
telegram,AzazelNews (Telegram),929835,2025-11-13 13:20:10,OKLO,OKLO,60m,yes,2025-11-13 13:30,101.6375,,,,,1.331,1.224,-3.894,-3.764,-0.007,0.107,1.03,20,no 5m/15m (finer than bar)
telegram,AzazelNews (Telegram),930311,2025-11-14 15:30:52,SPCX,SPCX,,,,,,,,,,,,,,,,,no bar after post in served window
telegram,AzazelNews (Telegram),930318,2025-11-14 15:37:30,PLTR,PLTR,60m,yes,2025-11-17 09:30,170.492,,,,,0.521,0.063,-1.855,-0.530,0.421,0.916,0.66,20,no 5m/15m (finer than bar)
telegram,AzazelNews (Telegram),930318,2025-11-14 15:37:30,RGTI,RGTI,60m,yes,2025-11-17 09:30,24.892,,,,,2.824,2.367,3.166,4.490,-0.671,-0.176,0.58,20,no 5m/15m (finer than bar)
telegram,AzazelNews (Telegram),931075,2025-11-17 14:29:35,JOBY,JOBY,60m,yes,2025-11-17 14:30,13.7,,,,,0.474,0.788,1.606,2.460,1.387,1.408,0.39,20,no 5m/15m (finer than bar)
telegram,AzazelNews (Telegram),931076,2025-11-17 14:30:23,SMR,SMR,60m,yes,2025-11-17 15:30,20.8,,,,,1.106,0.815,3.462,4.007,1.106,0.815,,,no 5m/15m (finer than bar); no volume baseline
telegram,AzazelNews (Telegram),931078,2025-11-17 14:31:06,ACHR,ACHR,60m,yes,2025-11-17 15:30,7.35,,,,,1.020,0.730,3.674,4.219,1.020,0.730,,,no 5m/15m (finer than bar); no volume baseline
telegram,AzazelNews (Telegram),931481,2025-11-18 13:47:27,SPCX,SPCX,,,,,,,,,,,,,,,,,no bar after post in served window
telegram,AzazelNews (Telegram),931484,2025-11-18 13:49:17,GS,GS,60m,yes,2025-11-18 14:30,780.16,,,,,-0.119,-0.042,0.704,0.746,-0.487,-0.066,0.53,20,no 5m/15m (finer than bar)
telegram,AzazelNews (Telegram),931487,2025-11-18 13:50:53,AMD,AMD,60m,yes,2025-11-18 14:30,231.63,,,,,0.073,0.150,-3.493,-3.450,-0.604,-0.183,0.56,20,no 5m/15m (finer than bar)
telegram,AzazelNews (Telegram),931487,2025-11-18 13:50:53,AMZN,AMZN,60m,yes,2025-11-18 14:30,225.22,,,,,-0.466,-0.389,-1.123,-1.081,-1.183,-0.762,1.08,20,no 5m/15m (finer than bar)
telegram,AzazelNews (Telegram),931487,2025-11-18 13:50:53,INTC,INTC,60m,yes,2025-11-18 14:30,34.585,,,,,-0.333,-0.256,1.489,1.531,-0.766,-0.345,0.49,20,no 5m/15m (finer than bar)
telegram,AzazelNews (Telegram),931487,2025-11-18 13:50:53,NVDA,NVDA,60m,yes,2025-11-18 14:30,183.4699,,,,,-0.305,-0.228,1.804,1.846,-1.145,-0.724,0.84,20,no 5m/15m (finer than bar)
telegram,AzazelNews (Telegram),931487,2025-11-18 13:50:53,PLTR,PLTR,60m,yes,2025-11-18 14:30,168.477,,,,,0.055,0.132,-1.815,-1.772,-0.681,-0.260,0.84,20,no 5m/15m (finer than bar)
telegram,AzazelNews (Telegram),931494,2025-11-18 13:52:50,NVDA,NVDA,60m,yes,2025-11-18 14:30,183.4699,,,,,-0.305,-0.228,1.804,1.846,-1.145,-0.724,0.84,20,no 5m/15m (finer than bar)
telegram,AzazelNews (Telegram),931502,2025-11-18 14:12:24,PSKY,PSKY,60m,yes,2025-11-18 14:30,15.91,,,,,1.728,1.805,-2.766,-2.723,1.226,1.647,1.2,20,no 5m/15m (finer than bar)
telegram,AzazelNews (Telegram),931502,2025-11-18 14:12:24,WBD,WBD,60m,yes,2025-11-18 14:30,23.295,,,,,0.859,0.935,-0.923,-0.881,1.739,2.159,0.81,20,no 5m/15m (finer than bar)
telegram,AzazelNews (Telegram),932529,2025-11-21 18:46:52,TSLA,TSLA,60m,no,2025-11-24 09:30,402.16,,,,,3.116,2.685,4.264,2.407,3.837,2.913,1.09,20,no 5m/15m (finer than bar)
telegram,AzazelNews (Telegram),932697,2025-11-22 11:02:10,INTC,INTC,60m,no,2025-11-24 09:30,34.995,,,,,1.572,1.141,2.329,0.471,2.122,1.198,0.62,20,no 5m/15m (finer than bar)
telegram,AzazelNews (Telegram),933193,2025-11-23 11:11:59,GOOGL,GOOGL,60m,no,2025-11-24 09:30,310.94,,,,,1.914,1.483,4.004,2.146,2.393,1.469,1.88,20,no 5m/15m (finer than bar)
telegram,AzazelNews (Telegram),933193,2025-11-23 11:11:59,MSFT,MSFT,60m,no,2025-11-24 09:30,475.0,,,,,-0.543,-0.974,0.406,-1.451,-0.255,-1.178,1.14,20,no 5m/15m (finer than bar)
telegram,AzazelNews (Telegram),933193,2025-11-23 11:11:59,NVDA,NVDA,60m,no,2025-11-24 09:30,179.5,,,,,-0.836,-1.266,-0.947,-2.805,1.699,0.776,0.98,20,no 5m/15m (finer than bar)
telegram,AzazelNews (Telegram),933193,2025-11-23 11:11:59,QUBT,QUBT,60m,no,2025-11-24 09:30,10.23,,,,,2.933,2.502,13.588,11.730,12.263,11.339,0.59,20,no 5m/15m (finer than bar)
telegram,AzazelNews (Telegram),933212,2025-11-23 13:04:32,ACHR,ACHR,60m,no,2025-11-24 09:30,7.18,,,,,1.334,0.903,2.785,0.928,3.621,2.698,0.57,20,no 5m/15m (finer than bar)
telegram,AzazelNews (Telegram),933219,2025-11-23 14:06:53,ACHR,ACHR,60m,no,2025-11-24 09:30,7.18,,,,,1.334,0.903,2.785,0.928,3.621,2.698,0.57,20,no 5m/15m (finer than bar)
telegram,AzazelNews (Telegram),933219,2025-11-23 14:06:53,XAIR,XAIR,60m,no,2025-11-24 09:30,26.0,,,,,-0.769,-1.200,2.308,0.450,0.000,-0.923,0.02,20,no 5m/15m (finer than bar)
telegram,AzazelNews (Telegram),933220,2025-11-23 14:34:10,ACHR,ACHR,60m,no,2025-11-24 09:30,7.18,,,,,1.334,0.903,2.785,0.928,3.621,2.698,0.57,20,no 5m/15m (finer than bar)
telegram,AzazelNews (Telegram),933482,2025-11-24 14:03:05,ACHR,ACHR,60m,yes,2025-11-24 14:30,7.265,,,,,0.826,0.820,1.583,0.671,2.409,2.422,0.46,20,no 5m/15m (finer than bar)
telegram,AzazelNews (Telegram),933485,2025-11-24 14:05:22,MSFT,MSFT,60m,yes,2025-11-24 14:30,474.144,,,,,0.033,0.027,0.588,-0.324,-0.075,-0.061,0.77,20,no 5m/15m (finer than bar)
telegram,AzazelNews (Telegram),934160,2025-11-26 14:15:17,OKLO,OKLO,60m,yes,2025-11-26 14:30,89.0409,,,,,0.706,0.713,4.811,4.655,-0.282,-0.044,0.48,20,no 5m/15m (finer than bar)
telegram,AzazelNews (Telegram),934160,2025-11-26 14:15:17,SMR,SMR,60m,yes,2025-11-26 14:30,19.055,,,,,-0.682,-0.675,5.248,5.092,0.026,0.264,0.73,20,no 5m/15m (finer than bar)
telegram,AzazelNews (Telegram),934731,2025-11-28 17:44:44,SMR,SMR,60m,no,2025-12-01 09:30,19.28,,,,,-4.694,-4.844,-1.867,-2.260,-6.172,-6.387,0.96,20,no 5m/15m (finer than bar)
telegram,AzazelNews (Telegram),934756,2025-11-28 20:37:13,LMT,LMT,60m,no,2025-12-01 09:30,453.28,,,,,-1.635,-1.785,-2.523,-2.916,-3.055,-3.271,2.01,20,no 5m/15m (finer than bar)
telegram,AzazelNews (Telegram),934756,2025-11-28 20:37:13,PLTR,PLTR,60m,no,2025-12-01 09:30,165.01,,,,,0.745,0.595,3.394,3.000,1.491,1.276,0.49,20,no 5m/15m (finer than bar)
telegram,AzazelNews (Telegram),934950,2025-11-29 17:58:24,NNE,NNE,60m,no,2025-12-01 09:30,31.75,,,,,-1.213,-1.363,3.512,3.119,-0.724,-0.940,0.57,20,no 5m/15m (finer than bar)
telegram,AzazelNews (Telegram),934953,2025-11-29 17:59:29,PLTR,PLTR,60m,no,2025-12-01 09:30,165.01,,,,,0.745,0.595,3.394,3.000,1.491,1.276,0.49,20,no 5m/15m (finer than bar)
telegram,AzazelNews (Telegram),935255,2025-11-30 11:45:13,OKLO,OKLO,60m,no,2025-12-01 09:30,88.54,,,,,0.090,-0.060,3.693,3.300,-1.271,-1.486,0.57,20,no 5m/15m (finer than bar)
telegram,AzazelNews (Telegram),935256,2025-11-30 11:46:39,FLR,FLR,60m,no,2025-12-01 09:30,42.21,,,,,1.054,0.904,1.024,0.630,0.486,0.271,0.64,20,no 5m/15m (finer than bar)
telegram,AzazelNews (Telegram),935260,2025-11-30 11:48:35,XE,XE,,,,,,,,,,,,,,,,,no bar after post in served window
telegram,AzazelNews (Telegram),935261,2025-11-30 11:49:19,FRMI,FRMI,60m,no,2025-12-01 09:30,16.18,,,,,-2.534,-2.684,-5.810,-6.203,1.607,1.392,1.02,20,no 5m/15m (finer than bar)
telegram,AzazelNews (Telegram),935268,2025-11-30 11:54:39,ACHR,ACHR,60m,no,2025-12-01 09:30,7.52,,,,,-1.197,-1.347,1.729,1.335,-0.802,-1.017,0.58,20,no 5m/15m (finer than bar)
telegram,AzazelNews (Telegram),935269,2025-11-30 11:55:09,LEU,LEU,60m,no,2025-12-01 09:30,250.0,,,,,0.812,0.662,6.268,5.875,0.096,-0.119,0.45,20,no 5m/15m (finer than bar)
telegram,AzazelNews (Telegram),935929,2025-12-02 22:02:59,TSLA,TSLA,60m,no,2025-12-03 09:30,431.845,,,,,2.183,2.019,5.248,4.686,3.482,3.006,1.12,20,no 5m/15m (finer than bar)
telegram,AzazelNews (Telegram),936274,2025-12-03 14:54:26,RGTI,RGTI,60m,yes,2025-12-03 15:30,25.6,,,,,1.621,1.726,17.461,17.479,1.621,1.726,,,no 5m/15m (finer than bar); no volume baseline
telegram,AzazelNews (Telegram),936281,2025-12-03 15:00:42,BLK,BLK,60m,yes,2025-12-03 15:30,1075.745,,,,,0.467,0.572,0.007,0.025,0.467,0.572,,,no 5m/15m (finer than bar); no volume baseline
telegram,AzazelNews (Telegram),936293,2025-12-03 15:35:10,SPCX,SPCX,,,,,,,,,,,,,,,,,no bar after post in served window
telegram,AzazelNews (Telegram),936301,2025-12-03 15:43:24,ABTC,ABTC,60m,yes,2025-12-04 09:30,36.3,,,,,-0.207,0.042,-8.471,-8.522,-0.413,-0.282,1.84,20,no 5m/15m (finer than bar)
telegram,AzazelNews (Telegram),936301,2025-12-03 15:43:24,BTC,BTC-USD,60m,yes,2025-12-03 16:00,92971.8906,,,,,0.761,,-0.902,,0.519,,0.0,20,no 5m/15m (finer than bar); SPY not trading at base
telegram,AzazelNews (Telegram),936617,2025-12-04 19:16:54,CETY,CETY,60m,no,2025-12-05 09:30,1.21,,,,,-4.545,-4.898,-11.983,-11.718,-9.033,-9.059,0.03,20,no 5m/15m (finer than bar)
telegram,AzazelNews (Telegram),936617,2025-12-04 19:16:54,TSLA,TSLA,60m,no,2025-12-05 09:30,452.97,,,,,0.618,0.266,-2.954,-2.688,0.435,0.409,0.69,20,no 5m/15m (finer than bar)
telegram,AzazelNews (Telegram),936835,2025-12-05 15:50:44,CCJ,CCJ,60m,yes,2025-12-08 09:30,91.66,,,,,-0.638,-0.342,1.866,2.381,-0.829,-0.401,0.56,20,no 5m/15m (finer than bar)
telegram,AzazelNews (Telegram),936835,2025-12-05 15:50:44,OKLO,OKLO,60m,yes,2025-12-08 09:30,108.14,,,,,-6.639,-6.343,-3.893,-3.377,-3.246,-2.818,0.95,20,no 5m/15m (finer than bar)
telegram,AzazelNews (Telegram),937178,2025-12-06 10:58:14,INTC,INTC,60m,no,2025-12-08 09:30,41.87,,,,,-3.356,-3.059,-3.248,-2.733,-3.654,-3.226,0.95,20,no 5m/15m (finer than bar)
telegram,AzazelNews (Telegram),937348,2025-12-06 19:31:33,ACHR,ACHR,60m,no,2025-12-08 09:30,8.65,,,,,-1.561,-1.264,-0.289,0.227,-0.520,-0.092,0.58,20,no 5m/15m (finer than bar)
telegram,AzazelNews (Telegram),937349,2025-12-06 19:33:54,SYHBF,SYHBF,60m,no,2025-12-08 09:30,0.248,,,,,0.000,0.296,-6.653,-6.138,-5.202,-4.773,0.0,20,no 5m/15m (finer than bar)
telegram,AzazelNews (Telegram),937370,2025-12-06 21:19:11,SPCX,SPCX,,,,,,,,,,,,,,,,,no bar after post in served window
telegram,AzazelNews (Telegram),937827,2025-12-07 21:25:25,SMR,SMR,60m,no,2025-12-08 09:30,22.35,,,,,-5.326,-5.029,-4.676,-4.160,-3.468,-3.039,1.41,20,no 5m/15m (finer than bar)
telegram,AzazelNews (Telegram),938029,2025-12-08 12:58:37,GS,GS,60m,yes,2025-12-08 13:30,857.95,,,,,0.379,0.465,2.167,2.135,1.029,0.909,0.92,19,no 5m/15m (finer than bar)
telegram,AzazelNews (Telegram),938029,2025-12-08 12:58:37,JOBY,JOBY,60m,yes,2025-12-08 13:30,15.22,,,,,-0.012,0.074,1.510,1.478,1.840,1.720,0.3,19,no 5m/15m (finer than bar)
telegram,AzazelNews (Telegram),938032,2025-12-08 13:04:23,OKLO,OKLO,60m,yes,2025-12-08 13:30,103.51,,,,,-0.232,-0.146,0.406,0.374,1.082,0.962,0.6,19,no 5m/15m (finer than bar)
telegram,AzazelNews (Telegram),938036,2025-12-08 13:08:09,OKLO,OKLO,60m,yes,2025-12-08 13:30,103.51,,,,,-0.232,-0.146,0.406,0.374,1.082,0.962,0.6,19,no 5m/15m (finer than bar)
telegram,AzazelNews (Telegram),938038,2025-12-08 13:11:37,AMZN,AMZN,60m,yes,2025-12-08 13:30,227.02,,,,,0.031,0.117,0.388,0.355,-0.013,-0.133,0.93,19,no 5m/15m (finer than bar)
telegram,AzazelNews (Telegram),938429,2025-12-09 16:57:23,SPCX,SPCX,,,,,,,,,,,,,,,,,no bar after post in served window
telegram,AzazelNews (Telegram),938431,2025-12-09 16:58:22,SPCX,SPCX,,,,,,,,,,,,,,,,,no bar after post in served window
telegram,AzazelNews (Telegram),938432,2025-12-09 16:59:04,SPCX,SPCX,,,,,,,,,,,,,,,,,no bar after post in served window
telegram,AzazelNews (Telegram),938794,2025-12-10 13:46:11,SPCX,SPCX,,,,,,,,,,,,,,,,,no bar after post in served window
telegram,AzazelNews (Telegram),938946,2025-12-11 07:39:09,ACHR,ACHR,60m,no,2025-12-11 09:30,8.35,,,,,1.617,1.453,-0.479,0.019,2.575,1.990,0.63,20,no 5m/15m (finer than bar)
telegram,AzazelNews (Telegram),938946,2025-12-11 07:39:09,JOBY,JOBY,60m,no,2025-12-11 09:30,14.825,,,,,1.046,0.882,0.236,0.734,4.958,4.372,0.88,20,no 5m/15m (finer than bar)
telegram,AzazelNews (Telegram),938982,2025-12-11 14:21:25,GOOGL,GOOGL,60m,yes,2025-12-11 14:30,312.41,,,,,-0.106,-0.070,-1.016,-0.007,0.029,-0.040,1.03,19,no 5m/15m (finer than bar)
telegram,AzazelNews (Telegram),938982,2025-12-11 14:21:25,SPCX,SPCX,,,,,,,,,,,,,,,,,no bar after post in served window
telegram,AzazelNews (Telegram),939371,2025-12-12 17:44:58,ACHR,ACHR,60m,no,2025-12-15 09:30,8.46,,,,,-6.088,-5.224,-6.088,-5.084,-7.388,-6.654,1.11,20,no 5m/15m (finer than bar)
telegram,AzazelNews (Telegram),939530,2025-12-13 11:02:45,INTC,INTC,60m,no,2025-12-15 09:30,38.05,,,,,-1.719,-0.856,-2.037,-1.034,-1.419,-0.686,0.69,20,no 5m/15m (finer than bar)
telegram,AzazelNews (Telegram),948280,2026-01-07 16:09:58,JOBY,JOBY,60m,no,2026-01-08 09:30,15.62,,,,,2.689,2.541,-1.504,-2.286,-2.369,-2.489,2.44,20,no 5m/15m (finer than bar)
telegram,AzazelNews (Telegram),948294,2026-01-07 16:25:09,OKLO,OKLO,60m,no,2026-01-08 09:30,96.71,,,,,-0.046,-0.195,8.907,8.126,0.879,0.758,0.99,20,no 5m/15m (finer than bar)
telegram,AzazelNews (Telegram),948308,2026-01-07 16:47:15,SPCX,SPCX,,,,,,,,,,,,,,,,,no bar after post in served window
telegram,AzazelNews (Telegram),948310,2026-01-07 16:48:08,NVDA,NVDA,60m,no,2026-01-08 09:30,189.0,,,,,-1.534,-1.683,-2.196,-2.977,-2.048,-2.168,1.0,20,no 5m/15m (finer than bar)
telegram,AzazelNews (Telegram),948314,2026-01-07 16:51:19,OKLO,OKLO,60m,no,2026-01-08 09:30,96.71,,,,,-0.046,-0.195,8.907,8.126,0.879,0.758,0.99,20,no 5m/15m (finer than bar)
telegram,AzazelNews (Telegram),948316,2026-01-07 16:52:13,SMR,SMR,60m,no,2026-01-08 09:30,19.175,,,,,0.600,0.452,7.020,6.238,2.523,2.403,0.83,20,no 5m/15m (finer than bar)
telegram,AzazelNews (Telegram),948318,2026-01-07 16:53:15,DJT,DJT,60m,no,2026-01-08 09:30,13.48,,,,,3.453,3.304,6.788,6.006,3.821,3.700,0.26,20,no 5m/15m (finer than bar)
telegram,AzazelNews (Telegram),948322,2026-01-07 16:56:43,ACHR,ACHR,60m,no,2026-01-08 09:30,8.49,,,,,5.073,4.925,3.828,3.047,2.474,2.353,2.03,20,no 5m/15m (finer than bar)
telegram,AzazelNews (Telegram),948750,2026-01-08 16:11:39,ACHR,ACHR,60m,no,2026-01-09 09:30,8.9,,,,,-0.618,-0.979,-0.393,-1.049,-0.955,-1.442,1.38,20,no 5m/15m (finer than bar)
telegram,AzazelNews (Telegram),948750,2026-01-08 16:11:39,NVDA,NVDA,60m,no,2026-01-09 09:30,185.0,,,,,-0.021,-0.382,-0.054,-0.710,-0.081,-0.568,0.79,20,no 5m/15m (finer than bar)
telegram,AzazelNews (Telegram),948751,2026-01-08 16:12:03,ACHR,ACHR,60m,no,2026-01-09 09:30,8.9,,,,,-0.618,-0.979,-0.393,-1.049,-0.955,-1.442,1.38,20,no 5m/15m (finer than bar)
telegram,AzazelNews (Telegram),948751,2026-01-08 16:12:03,NVDA,NVDA,60m,no,2026-01-09 09:30,185.0,,,,,-0.021,-0.382,-0.054,-0.710,-0.081,-0.568,0.79,20,no 5m/15m (finer than bar)
telegram,AzazelNews (Telegram),948752,2026-01-08 16:12:30,ACHR,ACHR,60m,no,2026-01-09 09:30,8.9,,,,,-0.618,-0.979,-0.393,-1.049,-0.955,-1.442,1.38,20,no 5m/15m (finer than bar)
telegram,AzazelNews (Telegram),948752,2026-01-08 16:12:30,NVDA,NVDA,60m,no,2026-01-09 09:30,185.0,,,,,-0.021,-0.382,-0.054,-0.710,-0.081,-0.568,0.79,20,no 5m/15m (finer than bar)
telegram,AzazelNews (Telegram),948760,2026-01-08 16:37:12,AM,AM,60m,no,2026-01-09 09:30,17.39,,,,,0.517,0.156,1.006,0.350,-0.403,-0.889,0.84,20,no 5m/15m (finer than bar)
telegram,AzazelNews (Telegram),948760,2026-01-08 16:37:12,VELO,VELO,60m,no,2026-01-09 09:30,20.61,,,,,-1.504,-1.865,7.472,6.816,-2.814,-3.301,0.45,20,no 5m/15m (finer than bar)
telegram,AzazelNews (Telegram),949147,2026-01-09 16:23:19,OKLO,OKLO,60m,no,2026-01-12 09:30,103.33,,,,,-0.043,-0.462,-6.029,-6.474,-0.842,-1.491,1.03,20,no 5m/15m (finer than bar)
telegram,AzazelNews (Telegram),949150,2026-01-09 16:24:21,META,META,60m,no,2026-01-12 09:30,652.525,,,,,-0.743,-1.162,-3.302,-3.746,-1.605,-2.254,1.03,20,no 5m/15m (finer than bar)
telegram,AzazelNews (Telegram),949150,2026-01-09 16:24:21,SMR,SMR,60m,no,2026-01-12 09:30,20.32,,,,,-1.530,-1.949,-5.315,-5.760,-3.051,-3.700,1.06,20,no 5m/15m (finer than bar)
telegram,AzazelNews (Telegram),949150,2026-01-09 16:24:21,VST,VST,60m,no,2026-01-12 09:30,164.67,,,,,5.503,5.084,4.075,3.630,4.822,4.173,1.54,20,no 5m/15m (finer than bar)
telegram,AzazelNews (Telegram),950024,2026-01-11 12:30:47,GS,GS,60m,no,2026-01-12 09:30,934.0,,,,,0.087,-0.332,0.460,0.016,1.635,0.986,1.09,20,no 5m/15m (finer than bar)
telegram,AzazelNews (Telegram),950036,2026-01-11 12:36:11,OKLO,OKLO,60m,no,2026-01-12 09:30,103.33,,,,,-0.043,-0.462,-6.029,-6.474,-0.842,-1.491,1.03,20,no 5m/15m (finer than bar)
telegram,AzazelNews (Telegram),950037,2026-01-11 12:36:30,CCJ,CCJ,60m,no,2026-01-12 09:30,108.5,,,,,0.673,0.254,0.350,-0.094,1.166,0.517,1.03,20,no 5m/15m (finer than bar)
telegram,AzazelNews (Telegram),950656,2026-01-13 13:39:02,LUNR,LUNR,60m,yes,2026-01-13 14:30,17.845,,,,,-0.448,-0.303,10.731,11.101,-1.569,-1.677,1.05,19,no 5m/15m (finer than bar)
telegram,AzazelNews (Telegram),950657,2026-01-13 13:39:24,LUNR,LUNR,60m,yes,2026-01-13 14:30,17.845,,,,,-0.448,-0.303,10.731,11.101,-1.569,-1.677,1.05,19,no 5m/15m (finer than bar)
telegram,AzazelNews (Telegram),950658,2026-01-13 13:39:48,LUNR,LUNR,60m,yes,2026-01-13 14:30,17.845,,,,,-0.448,-0.303,10.731,11.101,-1.569,-1.677,1.05,19,no 5m/15m (finer than bar)
telegram,AzazelNews (Telegram),950659,2026-01-13 13:41:03,LUNR,LUNR,60m,yes,2026-01-13 14:30,17.845,,,,,-0.448,-0.303,10.731,11.101,-1.569,-1.677,1.05,19,no 5m/15m (finer than bar)
telegram,AzazelNews (Telegram),950689,2026-01-13 16:48:58,ACHR,ACHR,60m,no,2026-01-14 09:30,8.38,,,,,2.566,2.890,5.847,5.678,6.325,6.406,0.82,20,no 5m/15m (finer than bar)
telegram,AzazelNews (Telegram),950698,2026-01-13 16:52:19,META,META,60m,no,2026-01-14 09:30,626.16,,,,,-0.938,-0.614,-0.835,-1.004,-1.726,-1.645,1.27,20,no 5m/15m (finer than bar)
telegram,AzazelNews (Telegram),950698,2026-01-13 16:52:19,OKLO,OKLO,60m,no,2026-01-14 09:30,94.77,,,,,-2.047,-1.723,-3.450,-3.620,1.256,1.337,0.93,20,no 5m/15m (finer than bar)
telegram,AzazelNews (Telegram),951849,2026-01-16 14:11:05,UUUU,UUUU,60m,yes,2026-01-16 14:30,22.105,,,,,-0.792,-0.807,6.356,8.443,-0.656,-0.588,1.46,19,no 5m/15m (finer than bar)
telegram,AzazelNews (Telegram),951852,2026-01-16 14:13:02,UUUU,UUUU,60m,yes,2026-01-16 14:30,22.105,,,,,-0.792,-0.807,6.356,8.443,-0.656,-0.588,1.46,19,no 5m/15m (finer than bar)
telegram,AzazelNews (Telegram),951857,2026-01-16 14:31:41,AEC,AEC,60m,yes,2026-01-16 15:30,7.3736,,,,,-1.948,-1.865,8.358,10.459,-1.948,-1.865,,,no 5m/15m (finer than bar); no volume baseline
telegram,AzazelNews (Telegram),951857,2026-01-16 14:31:41,UEC,UEC,60m,yes,2026-01-16 15:30,17.7,,,,,0.876,0.958,1.582,3.683,0.876,0.958,,,no 5m/15m (finer than bar); no volume baseline
telegram,AzazelNews (Telegram),951882,2026-01-16 15:04:37,JPM,JPM,60m,yes,2026-01-16 15:30,312.94,,,,,-0.160,-0.077,-3.231,-1.130,-0.160,-0.077,,,no 5m/15m (finer than bar); no volume baseline
telegram,AzazelNews (Telegram),951882,2026-01-16 15:04:37,MS,MS,60m,yes,2026-01-16 15:30,189.4,,,,,-0.174,-0.092,-3.875,-1.775,-0.174,-0.092,,,no 5m/15m (finer than bar); no volume baseline
telegram,AzazelNews (Telegram),951882,2026-01-16 15:04:37,XPEV,XPEV,60m,yes,2026-01-16 15:30,20.605,,,,,0.340,0.422,-2.936,-0.836,0.340,0.422,,,no 5m/15m (finer than bar); no volume baseline
telegram,AzazelNews (Telegram),951883,2026-01-16 15:05:02,TSLA,TSLA,60m,yes,2026-01-16 15:30,439.83,,,,,-0.537,-0.454,-4.677,-2.576,-0.537,-0.454,,,no 5m/15m (finer than bar); no volume baseline
telegram,AzazelNews (Telegram),952023,2026-01-17 11:38:43,INTC,INTC,60m,no,2026-01-20 09:30,47.33,,,,,4.458,4.108,14.642,14.078,2.683,3.253,1.64,20,no 5m/15m (finer than bar)
telegram,AzazelNews (Telegram),952210,2026-01-17 20:16:11,ATHR,ATHR,60m,no,2026-01-20 10:30,5.54,,,,,3.971,3.973,-1.083,-1.299,1.354,2.266,1.65,20,no 5m/15m (finer than bar)
telegram,AzazelNews (Telegram),952714,2026-01-18 20:21:57,NVDA,NVDA,60m,no,2026-01-20 09:30,181.9,,,,,-0.605,-0.955,0.781,0.217,-2.029,-1.459,1.41,20,no 5m/15m (finer than bar)
telegram,AzazelNews (Telegram),953173,2026-01-20 15:28:52,META,META,60m,yes,2026-01-20 15:30,604.24,,,,,0.071,0.040,1.458,0.287,0.071,0.040,,,no 5m/15m (finer than bar); no volume baseline
telegram,AzazelNews (Telegram),953173,2026-01-20 15:28:52,OKLO,OKLO,60m,yes,2026-01-20 15:30,89.59,,,,,0.352,0.321,1.339,0.169,0.352,0.321,,,no 5m/15m (finer than bar); no volume baseline
telegram,AzazelNews (Telegram),953179,2026-01-20 15:30:57,ACHR,ACHR,60m,yes,2026-01-21 09:30,8.725,,,,,-0.459,-0.954,3.324,1.958,-2.975,-3.811,0.81,20,no 5m/15m (finer than bar)
telegram,AzazelNews (Telegram),953179,2026-01-20 15:30:57,JOBY,JOBY,60m,yes,2026-01-21 09:30,15.0,,,,,-1.867,-2.362,-3.367,-4.732,-4.635,-5.471,0.91,20,no 5m/15m (finer than bar)
telegram,AzazelNews (Telegram),953653,2026-01-21 15:31:30,UUUU,UUUU,60m,yes,2026-01-22 09:30,22.355,,,,,4.317,4.518,13.889,13.984,9.193,9.323,1.37,20,no 5m/15m (finer than bar)
telegram,AzazelNews (Telegram),953655,2026-01-21 15:35:03,ACHR,ACHR,60m,yes,2026-01-22 09:30,8.64,,,,,2.488,2.690,-0.232,-0.137,4.340,4.471,1.34,20,no 5m/15m (finer than bar)
telegram,AzazelNews (Telegram),953659,2026-01-21 15:37:02,USAR,USAR,60m,yes,2026-01-22 09:30,19.97,,,,,14.021,14.223,24.036,24.130,13.771,13.901,3.25,20,no 5m/15m (finer than bar)
telegram,AzazelNews (Telegram),953666,2026-01-21 15:40:57,USAR,USAR,60m,yes,2026-01-22 09:30,19.97,,,,,14.021,14.223,24.036,24.130,13.771,13.901,3.25,20,no 5m/15m (finer than bar)
telegram,AzazelNews (Telegram),953667,2026-01-21 15:41:39,CCJ,CCJ,60m,yes,2026-01-22 09:30,124.73,,,,,-2.969,-2.767,-0.553,-0.459,-2.465,-2.335,1.3,20,no 5m/15m (finer than bar)
telegram,AzazelNews (Telegram),953667,2026-01-21 15:41:39,CEG,CEG,60m,yes,2026-01-22 09:30,300.5,,,,,-2.968,-2.767,-3.807,-3.713,-4.376,-4.245,1.19,20,no 5m/15m (finer than bar)
telegram,AzazelNews (Telegram),953667,2026-01-21 15:41:39,SMR,SMR,60m,yes,2026-01-22 09:30,20.35,,,,,-2.310,-2.108,-2.998,-2.903,1.253,1.384,0.96,20,no 5m/15m (finer than bar)
telegram,AzazelNews (Telegram),953673,2026-01-21 15:44:43,TMC,TMC,60m,yes,2026-01-22 09:30,9.7732,,,,,-7.957,-7.756,-3.409,-3.315,-14.972,-14.841,6.37,20,no 5m/15m (finer than bar)
telegram,AzazelNews (Telegram),953714,2026-01-21 21:07:58,LMT,LMT,60m,no,2026-01-22 09:30,585.18,,,,,0.574,0.776,0.957,1.051,1.335,1.466,0.83,20,no 5m/15m (finer than bar)
telegram,AzazelNews (Telegram),954011,2026-01-23 14:09:09,DUOL,DUOL,60m,yes,2026-01-23 14:30,156.7499,,,,,-0.555,-0.453,-3.324,-3.782,-0.523,-0.469,0.61,19,no 5m/15m (finer than bar)
telegram,AzazelNews (Telegram),954028,2026-01-23 14:52:16,ACHR,ACHR,60m,yes,2026-01-23 15:30,8.53,,,,,1.055,1.006,-5.862,-6.423,1.055,1.006,,,no 5m/15m (finer than bar); no volume baseline
telegram,AzazelNews (Telegram),954033,2026-01-23 14:55:01,ACHR,ACHR,60m,yes,2026-01-23 15:30,8.53,,,,,1.055,1.006,-5.862,-6.423,1.055,1.006,,,no 5m/15m (finer than bar); no volume baseline
telegram,AzazelNews (Telegram),954033,2026-01-23 14:55:01,BLK,BLK,60m,yes,2026-01-23 15:30,1126.66,,,,,0.281,0.232,-0.447,-1.009,0.281,0.232,,,no 5m/15m (finer than bar); no volume baseline
telegram,AzazelNews (Telegram),954051,2026-01-23 15:44:21,ACHR,ACHR,60m,yes,2026-01-26 09:30,8.565,,,,,-2.989,-3.287,-5.546,-6.277,-6.246,-6.568,0.84,20,no 5m/15m (finer than bar)
telegram,AzazelNews (Telegram),954054,2026-01-23 15:57:31,ACHR,ACHR,60m,yes,2026-01-26 09:30,8.565,,,,,-2.989,-3.287,-5.546,-6.277,-6.246,-6.568,0.84,20,no 5m/15m (finer than bar)
telegram,AzazelNews (Telegram),954057,2026-01-23 15:59:52,EVTL,EVTL,60m,yes,2026-01-26 09:30,5.6,,,,,-2.679,-2.977,-4.643,-5.374,-5.179,-5.500,1.02,20,no 5m/15m (finer than bar)
telegram,AzazelNews (Telegram),954057,2026-01-23 15:59:52,VTOL,VTOL,60m,yes,2026-01-26 09:30,44.21,,,,,0.566,0.267,1.798,1.067,-0.023,-0.344,2.49,20,no 5m/15m (finer than bar)
telegram,AzazelNews (Telegram),954059,2026-01-23 16:00:43,AMZN,AMZN,60m,no,2026-01-26 09:30,239.98,,,,,-0.423,-0.721,1.954,1.223,-0.650,-0.972,0.85,20,no 5m/15m (finer than bar)
telegram,AzazelNews (Telegram),954059,2026-01-23 16:00:43,MSFT,MSFT,60m,no,2026-01-26 09:30,465.305,,,,,1.029,0.731,3.283,2.551,1.086,0.765,1.33,20,no 5m/15m (finer than bar)
telegram,AzazelNews (Telegram),954060,2026-01-23 16:01:07,BA,BA,60m,no,2026-01-26 09:30,251.49,,,,,-0.887,-1.185,-2.736,-3.467,-1.256,-1.578,1.05,20,no 5m/15m (finer than bar)
telegram,AzazelNews (Telegram),954062,2026-01-23 16:01:38,BABA,BABA,60m,no,2026-01-26 09:30,169.79,,,,,0.922,0.623,1.702,0.971,0.933,0.612,0.78,20,no 5m/15m (finer than bar)
telegram,AzazelNews (Telegram),954068,2026-01-23 16:04:16,USAR,USAR,60m,no,2026-01-26 09:30,30.52,,,,,-10.813,-11.111,-13.876,-14.607,-12.477,-12.799,10.35,20,no 5m/15m (finer than bar)
telegram,AzazelNews (Telegram),954078,2026-01-23 16:08:16,TMC,TMC,60m,no,2026-01-26 09:30,9.749,,,,,-18.452,-18.750,-17.427,-18.159,-20.401,-20.723,3.32,20,no 5m/15m (finer than bar)
telegram,AzazelNews (Telegram),954523,2026-01-25 13:35:02,USAR,USAR,60m,no,2026-01-26 09:30,30.52,,,,,-10.813,-11.111,-13.876,-14.607,-12.477,-12.799,10.35,20,no 5m/15m (finer than bar)
telegram,AzazelNews (Telegram),954526,2026-01-25 13:39:18,USAR,USAR,60m,no,2026-01-26 09:30,30.52,,,,,-10.813,-11.111,-13.876,-14.607,-12.477,-12.799,10.35,20,no 5m/15m (finer than bar)
telegram,AzazelNews (Telegram),954529,2026-01-25 13:45:35,MP,MP,60m,no,2026-01-26 09:30,72.66,,,,,-11.463,-11.762,-8.168,-8.900,-12.703,-13.024,3.16,20,no 5m/15m (finer than bar)
telegram,AzazelNews (Telegram),955375,2026-01-27 15:41:19,STDN,STDN,,,,,,,,,,,,,,,,,no bar after post in served window
telegram,AzazelNews (Telegram),955384,2026-01-27 16:14:16,FLR,FLR,60m,no,2026-01-28 09:30,46.22,,,,,-0.714,-0.637,1.590,2.032,1.212,1.444,0.64,20,no 5m/15m (finer than bar)
telegram,AzazelNews (Telegram),955384,2026-01-27 16:14:16,USAR,USAR,60m,no,2026-01-28 09:30,26.42,,,,,-5.810,-5.733,-16.654,-16.212,-4.542,-4.310,1.51,20,no 5m/15m (finer than bar)
telegram,AzazelNews (Telegram),955385,2026-01-27 16:14:31,MP,MP,60m,no,2026-01-28 09:30,67.53,,,,,-2.584,-2.507,-7.834,-7.392,-0.755,-0.523,0.58,20,no 5m/15m (finer than bar)
telegram,AzazelNews (Telegram),955391,2026-01-27 16:18:34,TMC,TMC,60m,no,2026-01-28 09:30,8.1,,,,,2.612,2.689,-7.346,-6.904,3.889,4.121,0.92,20,no 5m/15m (finer than bar)
telegram,AzazelNews (Telegram),955394,2026-01-27 16:19:35,SKHY,000660.KS,60m,no,2026-01-27 19:00,810000.0,,,,,2.593,,6.296,,3.518,,2.35,20,no 5m/15m (finer than bar); SPY not trading at base
telegram,AzazelNews (Telegram),955409,2026-01-27 16:29:33,LMT,LMT,60m,no,2026-01-28 09:30,592.9,,,,,-0.570,-0.493,4.920,5.362,0.740,0.973,0.45,20,no 5m/15m (finer than bar)
telegram,AzazelNews (Telegram),955409,2026-01-27 16:29:33,PLTR,PLTR,60m,no,2026-01-28 09:30,164.43,,,,,-0.870,-0.793,-7.602,-7.160,-4.306,-4.073,0.92,20,no 5m/15m (finer than bar)
telegram,AzazelNews (Telegram),955409,2026-01-27 16:29:33,RDW,RDW,60m,no,2026-01-28 09:30,13.78,,,,,-5.298,-5.221,-7.075,-6.634,-3.556,-3.324,1.89,20,no 5m/15m (finer than bar)
telegram,AzazelNews (Telegram),955726,2026-01-28 14:00:18,NEE,NEE,60m,yes,2026-01-28 14:30,87.64,,,,,-0.086,-0.269,0.565,0.595,-0.063,-0.243,1.21,20,no 5m/15m (finer than bar)
telegram,AzazelNews (Telegram),955732,2026-01-28 14:03:10,UBER,UBER,60m,yes,2026-01-28 14:30,80.01,,,,,-0.037,-0.221,2.131,2.161,-0.287,-0.468,1.31,20,no 5m/15m (finer than bar)
telegram,AzazelNews (Telegram),955735,2026-01-28 14:03:36,SPCX,SPCX,,,,,,,,,,,,,,,,,no bar after post in served window
telegram,AzazelNews (Telegram),955739,2026-01-28 14:05:06,GOOGL,GOOGL,60m,yes,2026-01-28 14:30,334.76,,,,,0.672,0.489,0.992,1.022,0.412,0.232,1.15,20,no 5m/15m (finer than bar)
telegram,AzazelNews (Telegram),955742,2026-01-28 14:06:03,NVDA,NVDA,60m,yes,2026-01-28 14:30,191.51,,,,,0.059,-0.124,0.480,0.511,0.016,-0.164,1.17,20,no 5m/15m (finer than bar)
telegram,AzazelNews (Telegram),955746,2026-01-28 14:08:53,CCJ,CCJ,60m,yes,2026-01-28 14:30,129.56,,,,,2.385,2.202,3.111,3.141,3.489,3.309,2.73,20,no 5m/15m (finer than bar)
telegram,AzazelNews (Telegram),955747,2026-01-28 14:09:25,ACHR,ACHR,60m,yes,2026-01-28 14:30,7.755,,,,,-0.258,-0.441,-4.191,-4.160,-0.451,-0.631,1.18,20,no 5m/15m (finer than bar)
telegram,AzazelNews (Telegram),955748,2026-01-28 14:10:03,SMR,SMR,60m,yes,2026-01-28 14:30,19.785,,,,,2.957,2.774,-4.397,-4.367,3.513,3.333,2.17,20,no 5m/15m (finer than bar)
telegram,AzazelNews (Telegram),955748,2026-01-28 14:10:03,TVE,TVE,60m,yes,2026-01-28 14:30,24.5001,,,,,0.000,-0.183,-0.000,0.030,0.081,-0.099,0.37,20,no 5m/15m (finer than bar)
telegram,AzazelNews (Telegram),955749,2026-01-28 14:10:41,USAR,USAR,60m,yes,2026-01-28 14:30,24.33,,,,,2.939,2.756,-9.494,-9.464,3.658,3.478,1.93,20,no 5m/15m (finer than bar)
telegram,AzazelNews (Telegram),955751,2026-01-28 14:12:36,ACHR,ACHR,60m,yes,2026-01-28 14:30,7.755,,,,,-0.258,-0.441,-4.191,-4.160,-0.451,-0.631,1.18,20,no 5m/15m (finer than bar)
telegram,AzazelNews (Telegram),956400,2026-01-30 12:23:56,STLA,STLA,60m,yes,2026-02-02 13:30,9.915,,,,,-0.101,-0.137,0.101,1.117,-0.202,-0.047,9.81,20,no 5m/15m (finer than bar)
telegram,AzazelNews (Telegram),956402,2026-01-30 12:26:15,LMT,LMT,60m,yes,2026-02-02 13:30,637.42,,,,,-0.237,-0.273,-1.435,-0.419,-0.183,-0.029,3.11,20,no 5m/15m (finer than bar)
telegram,AzazelNews (Telegram),956413,2026-01-30 12:32:37,UUUU,UUUU,60m,yes,2026-02-02 13:30,21.205,,,,,-0.896,-0.932,15.539,16.555,-0.920,-0.765,6.19,20,no 5m/15m (finer than bar)
telegram,AzazelNews (Telegram),956414,2026-01-30 12:33:18,PLTR,PLTR,60m,yes,2026-02-02 13:30,148.62,,,,,0.155,0.119,6.224,7.240,-0.592,-0.437,7.48,20,no 5m/15m (finer than bar)
telegram,AzazelNews (Telegram),956416,2026-01-30 12:34:55,ACCS,ACCS,60m,yes,2026-02-02 09:30,8.74,,,,,0.000,,-4.394,,-0.458,,1.03,20,no 5m/15m (finer than bar); SPY not trading at base
telegram,AzazelNews (Telegram),956416,2026-01-30 12:34:55,INOD,INOD,60m,yes,2026-02-02 13:30,56.65,,,,,0.470,0.434,-3.989,-2.973,-2.612,-2.458,0.73,20,no 5m/15m (finer than bar)
telegram,AzazelNews (Telegram),956416,2026-01-30 12:34:55,PLTR,PLTR,60m,yes,2026-02-02 13:30,148.62,,,,,0.155,0.119,6.224,7.240,-0.592,-0.437,7.48,20,no 5m/15m (finer than bar)
telegram,AzazelNews (Telegram),956417,2026-01-30 12:36:53,META,META,60m,yes,2026-02-02 13:30,713.01,,,,,-0.038,-0.074,-2.999,-1.982,-0.924,-0.769,2.69,20,no 5m/15m (finer than bar)
telegram,AzazelNews (Telegram),956417,2026-01-30 12:36:53,OKLO,OKLO,60m,yes,2026-02-02 13:30,74.775,,,,,0.528,0.492,4.286,5.303,-1.558,-1.403,4.93,20,no 5m/15m (finer than bar)
telegram,AzazelNews (Telegram),956418,2026-01-30 12:37:29,AEM,AEM,60m,yes,2026-02-02 13:30,188.91,,,,,0.127,0.091,4.436,5.452,1.006,1.161,5.63,20,no 5m/15m (finer than bar)
telegram,AzazelNews (Telegram),956421,2026-01-30 12:40:16,PLTR,PLTR,60m,yes,2026-02-02 13:30,148.62,,,,,0.155,0.119,6.224,7.240,-0.592,-0.437,7.48,20,no 5m/15m (finer than bar)
telegram,AzazelNews (Telegram),956422,2026-01-30 12:40:40,NEE,NEE,60m,yes,2026-02-02 13:30,87.39,,,,,-0.401,-0.436,1.619,2.636,-1.213,-1.058,5.03,20,no 5m/15m (finer than bar)
telegram,AzazelNews (Telegram),956423,2026-01-30 12:42:09,NVDA,NVDA,60m,yes,2026-02-02 13:30,189.86,,,,,0.032,-0.004,-5.019,-4.003,-2.196,-2.041,4.33,20,no 5m/15m (finer than bar)
telegram,AzazelNews (Telegram),964989,2026-02-25 15:20:16,NVDA,NVDA,60m,yes,2026-02-25 15:30,196.89,,,,,-0.513,-0.539,-6.090,-5.570,-0.513,-0.539,,,no 5m/15m (finer than bar); no volume baseline
telegram,AzazelNews (Telegram),964994,2026-02-25 15:22:49,NVDA,NVDA,60m,yes,2026-02-25 15:30,196.89,,,,,-0.513,-0.539,-6.090,-5.570,-0.513,-0.539,,,no 5m/15m (finer than bar); no volume baseline
telegram,AzazelNews (Telegram),964994,2026-02-25 15:22:49,NYT,NYT,60m,yes,2026-02-25 15:30,77.25,,,,,0.168,0.142,2.071,2.591,0.168,0.142,,,no 5m/15m (finer than bar); no volume baseline
telegram,AzazelNews (Telegram),967759,2026-03-04 14:47:13,BE,BE,60m,yes,2026-03-04 15:30,164.3,,,,,0.195,0.352,-2.648,-1.948,0.195,0.352,,,no 5m/15m (finer than bar); no volume baseline
telegram,AzazelNews (Telegram),967759,2026-03-04 14:47:13,BTDR,BTDR,60m,yes,2026-03-04 15:30,8.09,,,,,-2.534,-2.377,-3.399,-2.700,-2.534,-2.377,,,no 5m/15m (finer than bar); no volume baseline
telegram,AzazelNews (Telegram),967759,2026-03-04 14:47:13,CRWV,CRWV,60m,yes,2026-03-04 15:30,79.41,,,,,0.096,0.253,-5.768,-5.068,0.096,0.253,,,no 5m/15m (finer than bar); no volume baseline
telegram,AzazelNews (Telegram),967759,2026-03-04 14:47:13,INFY,INFY,60m,yes,2026-03-04 15:30,14.35,,,,,-0.070,0.088,0.314,1.013,-0.070,0.088,,,no 5m/15m (finer than bar); no volume baseline
telegram,AzazelNews (Telegram),967759,2026-03-04 14:47:13,INTC,INTC,60m,yes,2026-03-04 15:30,45.75,,,,,-0.437,-0.280,0.459,1.159,-0.437,-0.280,,,no 5m/15m (finer than bar); no volume baseline
telegram,AzazelNews (Telegram),967759,2026-03-04 14:47:13,NVDA,NVDA,60m,yes,2026-03-04 15:30,183.075,,,,,-0.090,0.067,0.139,0.839,-0.090,0.067,,,no 5m/15m (finer than bar); no volume baseline
telegram,AzazelNews (Telegram),967776,2026-03-04 15:07:48,AIFF,AIFF,60m,yes,2026-03-04 15:30,1.685,,,,,-7.715,-7.558,-15.727,-15.027,-7.715,-7.558,,,no 5m/15m (finer than bar); no volume baseline
telegram,AzazelNews (Telegram),967815,2026-03-04 16:27:47,ACHR,ACHR,60m,no,2026-03-05 09:30,6.65,,,,,-0.302,-0.118,-6.015,-4.607,-2.857,-2.763,1.08,20,no 5m/15m (finer than bar)
telegram,AzazelNews (Telegram),968349,2026-03-06 15:14:35,BLK,BLK,60m,yes,2026-03-06 15:30,955.7,,,,,-0.051,-0.088,0.232,-0.673,-0.051,-0.088,,,no 5m/15m (finer than bar); no volume baseline
telegram,AzazelNews (Telegram),968370,2026-03-06 15:54:40,USAR,USAR,60m,yes,2026-03-09 09:30,17.305,,,,,3.496,3.846,18.116,16.517,8.119,6.329,1.07,20,no 5m/15m (finer than bar)
telegram,AzazelNews (Telegram),968410,2026-03-06 16:43:22,USAR,USAR,60m,no,2026-03-09 09:30,17.305,,,,,3.496,3.846,18.116,16.517,8.119,6.329,1.07,20,no 5m/15m (finer than bar)
telegram,AzazelNews (Telegram),968671,2026-03-07 16:55:06,OKLO,OKLO,60m,no,2026-03-09 09:30,57.11,,,,,2.854,3.204,7.512,5.912,8.195,6.405,1.13,20,no 5m/15m (finer than bar)
telegram,AzazelNews (Telegram),968671,2026-03-07 16:55:06,SMR,SMR,60m,no,2026-03-09 09:30,11.39,,,,,3.995,4.344,5.707,4.107,6.848,5.059,0.82,20,no 5m/15m (finer than bar)
telegram,AzazelNews (Telegram),968988,2026-03-08 16:04:21,BLK,BLK,60m,no,2026-03-09 09:30,929.38,,,,,-0.827,-0.477,4.128,2.528,3.071,1.281,2.54,20,no 5m/15m (finer than bar)
telegram,AzazelNews (Telegram),968988,2026-03-08 16:04:21,C,C,60m,no,2026-03-09 09:30,104.45,,,,,-1.915,-1.565,4.347,2.747,2.063,0.274,1.15,20,no 5m/15m (finer than bar)
telegram,AzazelNews (Telegram),968988,2026-03-08 16:04:21,GS,GS,60m,no,2026-03-09 09:30,810.0,,,,,-0.934,-0.584,2.938,1.339,2.707,0.918,1.58,20,no 5m/15m (finer than bar)
telegram,AzazelNews (Telegram),968988,2026-03-08 16:04:21,MS,MS,60m,no,2026-03-09 09:30,157.92,,,,,-1.805,-1.455,1.798,0.199,1.621,-0.169,0.96,20,no 5m/15m (finer than bar)
telegram,AzazelNews (Telegram),969804,2026-03-10 21:12:29,ACHR,ACHR,60m,no,2026-03-11 09:30,6.31,,,,,1.347,1.558,-2.428,-0.725,1.981,2.166,0.58,20,no 5m/15m (finer than bar)
telegram,AzazelNews (Telegram),970325,2026-03-11 20:51:16,GS,GS,60m,no,2026-03-12 09:30,798.0,,,,,-0.971,-0.509,-1.948,-0.628,-1.337,-0.574,1.35,20,no 5m/15m (finer than bar)
telegram,AzazelNews (Telegram),970325,2026-03-11 20:51:16,MS,MS,60m,no,2026-03-12 09:30,154.37,,,,,-0.081,0.381,0.337,1.657,-0.032,0.731,1.8,20,no 5m/15m (finer than bar)
telegram,AzazelNews (Telegram),971328,2026-03-14 11:50:21,INTC,INTC,60m,no,2026-03-16 09:30,47.922,,,,,-0.474,-0.756,-8.101,-8.452,-4.553,-4.640,1.0,20,no 5m/15m (finer than bar)
telegram,AzazelNews (Telegram),971907,2026-03-16 16:42:22,SPCX,SPCX,,,,,,,,,,,,,,,,,no bar after post in served window
telegram,AzazelNews (Telegram),972001,2026-03-16 22:06:33,BKSY,BKSY,60m,no,2026-03-17 09:30,24.12,,,,,5.141,5.116,5.224,6.833,9.743,9.990,1.11,20,no 5m/15m (finer than bar)
telegram,AzazelNews (Telegram),972324,2026-03-17 20:10:37,OKLO,OKLO,60m,no,2026-03-18 09:30,60.19,,,,,0.748,1.107,-9.171,-7.878,-5.832,-4.816,1.62,20,no 5m/15m (finer than bar)
telegram,AzazelNews (Telegram),972324,2026-03-17 20:10:37,SMR,SMR,60m,no,2026-03-18 09:30,12.1,,,,,0.331,0.690,-0.868,0.425,-0.661,0.355,0.64,20,no 5m/15m (finer than bar)
telegram,AzazelNews (Telegram),972660,2026-03-19 16:00:59,NYT,NYT,60m,no,2026-03-20 09:30,81.04,,,,,0.518,1.227,2.036,2.210,-0.111,1.107,0.72,20,no 5m/15m (finer than bar)
telegram,AzazelNews (Telegram),973238,2026-03-21 13:19:16,INTC,INTC,60m,no,2026-03-23 09:30,44.48,,,,,1.866,1.422,-0.922,-0.182,-1.079,-0.669,1.24,20,no 5m/15m (finer than bar)
telegram,AzazelNews (Telegram),973760,2026-03-22 13:09:55,ACHR,ACHR,60m,no,2026-03-23 09:30,5.87,,,,,-0.767,-1.210,-6.133,-5.393,0.085,0.495,0.84,20,no 5m/15m (finer than bar)
telegram,AzazelNews (Telegram),973760,2026-03-22 13:09:55,JOBY,JOBY,60m,no,2026-03-23 09:30,9.365,,,,,-0.427,-0.871,-4.004,-3.264,-0.801,-0.391,0.88,20,no 5m/15m (finer than bar)
telegram,AzazelNews (Telegram),973767,2026-03-22 13:37:00,PLTR,PLTR,60m,no,2026-03-23 09:30,153.27,,,,,3.934,3.490,0.985,1.725,4.919,5.330,1.48,20,no 5m/15m (finer than bar)
telegram,AzazelNews (Telegram),973772,2026-03-22 13:40:11,SPCX,SPCX,,,,,,,,,,,,,,,,,no bar after post in served window
telegram,AzazelNews (Telegram),973778,2026-03-22 13:44:44,JOBY,JOBY,60m,no,2026-03-23 09:30,9.365,,,,,-0.427,-0.871,-4.004,-3.264,-0.801,-0.391,0.88,20,no 5m/15m (finer than bar)
telegram,AzazelNews (Telegram),973794,2026-03-22 13:54:14,SPCX,SPCX,,,,,,,,,,,,,,,,,no bar after post in served window
telegram,AzazelNews (Telegram),974155,2026-03-23 16:46:18,AMZN,AMZN,60m,no,2026-03-24 09:30,207.885,,,,,-0.079,-0.259,1.838,1.005,-0.291,-0.580,0.71,20,no 5m/15m (finer than bar)
telegram,AzazelNews (Telegram),974487,2026-03-24 17:23:41,ACHR,ACHR,60m,no,2026-03-25 09:30,5.74,,,,,-0.871,-0.791,-6.446,-4.386,-3.136,-2.843,0.97,20,no 5m/15m (finer than bar)
telegram,AzazelNews (Telegram),974517,2026-03-24 17:44:43,SPCX,SPCX,,,,,,,,,,,,,,,,,no bar after post in served window
telegram,AzazelNews (Telegram),974547,2026-03-24 17:58:18,CAMP,CAMP,60m,no,2026-03-25 09:30,4.61,,,,,-1.302,-1.221,-1.735,0.324,2.820,3.113,0.73,20,no 5m/15m (finer than bar)
telegram,AzazelNews (Telegram),983368,2026-04-20 15:05:01,MAXQF,MAXQF,60m,yes,2026-04-21 09:30,0.4973,,,,,0.141,-0.003,-3.479,-3.713,-0.603,0.159,0.0,20,no 5m/15m (finer than bar)
telegram,AzazelNews (Telegram),983639,2026-04-21 14:06:31,ORCL,ORCL,60m,yes,2026-04-21 14:30,183.56,,,,,0.528,0.155,2.146,1.279,-1.302,-1.167,1.06,20,no 5m/15m (finer than bar)
telegram,AzazelNews (Telegram),983642,2026-04-21 14:08:33,ACHR,ACHR,60m,yes,2026-04-21 14:30,5.935,,,,,1.179,0.806,2.106,1.239,0.421,0.557,0.96,20,no 5m/15m (finer than bar)
telegram,AzazelNews (Telegram),983943,2026-04-22 13:23:54,USAR,USAR,60m,yes,2026-04-22 13:30,24.85,,,,,-0.241,-0.157,-7.119,-6.892,2.253,2.090,1.45,20,no 5m/15m (finer than bar)
telegram,AzazelNews (Telegram),983953,2026-04-22 13:26:59,PLTR,PLTR,60m,yes,2026-04-22 13:30,152.0793,,,,,-0.289,-0.204,-6.904,-6.677,0.342,0.179,0.65,20,no 5m/15m (finer than bar)
telegram,AzazelNews (Telegram),983961,2026-04-22 13:30:44,SPCX,SPCX,,,,,,,,,,,,,,,,,no bar after post in served window
telegram,AzazelNews (Telegram),983963,2026-04-22 13:31:39,PLTR,PLTR,60m,yes,2026-04-22 14:30,151.64,,,,,0.379,0.240,-6.634,-6.490,0.633,0.386,0.92,20,no 5m/15m (finer than bar)
telegram,AzazelNews (Telegram),984206,2026-04-23 14:26:41,ACHR,ACHR,60m,yes,2026-04-23 14:30,5.77,,,,,-0.260,-0.245,-1.213,-1.985,0.000,0.010,1.64,20,no 5m/15m (finer than bar)
telegram,AzazelNews (Telegram),984208,2026-04-23 14:28:38,JOBY,JOBY,60m,yes,2026-04-23 14:30,8.54,,,,,-0.703,-0.688,-0.351,-1.123,-0.586,-0.576,1.17,20,no 5m/15m (finer than bar)
telegram,AzazelNews (Telegram),984217,2026-04-23 14:46:06,NVDA,NVDA,60m,yes,2026-04-23 15:30,199.12,,,,,0.296,0.293,4.555,3.770,0.296,0.293,,,no 5m/15m (finer than bar); no volume baseline
telegram,AzazelNews (Telegram),984217,2026-04-23 14:46:06,OKLO,OKLO,60m,yes,2026-04-23 15:30,76.72,,,,,-0.365,-0.368,-7.469,-8.254,-0.365,-0.368,,,no 5m/15m (finer than bar); no volume baseline
telegram,AzazelNews (Telegram),984635,2026-04-24 21:13:06,GOOGL,GOOGL,60m,no,2026-04-27 09:30,345.75,,,,,1.446,1.407,1.181,1.390,1.327,1.048,1.53,20,no 5m/15m (finer than bar)
telegram,AzazelNews (Telegram),985298,2026-04-26 13:26:58,PLTR,PLTR,60m,no,2026-04-27 09:30,141.31,,,,,2.381,2.343,-0.099,0.110,1.253,0.974,0.85,20,no 5m/15m (finer than bar)
telegram,AzazelNews (Telegram),985307,2026-04-26 13:32:25,OKLO,OKLO,60m,no,2026-04-27 09:30,71.0,,,,,2.747,2.708,-2.690,-2.481,6.958,6.679,1.5,20,no 5m/15m (finer than bar)
telegram,AzazelNews (Telegram),986034,2026-04-28 18:13:00,REA,REA,,,,,,,,,,,,,,,,,no bar after post in served window
telegram,AzazelNews (Telegram),986044,2026-04-28 18:16:06,PLTR,PLTR,60m,no,2026-04-29 09:30,139.76,,,,,-2.490,-2.558,-0.501,-1.540,-1.274,-1.355,0.88,20,no 5m/15m (finer than bar)
telegram,AzazelNews (Telegram),986051,2026-04-28 18:19:02,CLF,CLF,60m,no,2026-04-29 09:30,10.15,,,,,1.086,1.018,0.493,-0.547,1.034,0.953,1.19,20,no 5m/15m (finer than bar)
telegram,AzazelNews (Telegram),986051,2026-04-28 18:19:02,PLTR,PLTR,60m,no,2026-04-29 09:30,139.76,,,,,-2.490,-2.558,-0.501,-1.540,-1.274,-1.355,0.88,20,no 5m/15m (finer than bar)
telegram,AzazelNews (Telegram),986058,2026-04-28 18:21:37,JOBY,JOBY,60m,no,2026-04-29 09:30,8.79,,,,,-4.721,-4.789,4.607,3.568,-1.024,-1.105,2.17,20,no 5m/15m (finer than bar)
telegram,AzazelNews (Telegram),986075,2026-04-28 18:31:30,ACHR,ACHR,60m,no,2026-04-29 09:30,5.75,,,,,-2.958,-3.026,-0.172,-1.212,-2.435,-2.516,0.97,20,no 5m/15m (finer than bar)
telegram,AzazelNews (Telegram),986787,2026-04-30 16:29:04,LMT,LMT,60m,no,2026-05-01 09:30,517.95,,,,,-0.786,-1.203,0.085,0.526,-1.021,-0.941,0.8,20,no 5m/15m (finer than bar)
telegram,AzazelNews (Telegram),986797,2026-04-30 16:32:59,OPY,OPY,60m,no,2026-05-01 09:30,114.85,,,,,-2.133,-2.550,-14.332,-13.891,-7.009,-6.929,4.3,20,no 5m/15m (finer than bar)
telegram,AzazelNews (Telegram),986797,2026-04-30 16:32:59,PLTR,PLTR,60m,no,2026-05-01 09:30,143.295,,,,,-0.325,-0.742,2.020,2.461,0.548,0.628,0.83,20,no 5m/15m (finer than bar)
telegram,AzazelNews (Telegram),986809,2026-04-30 17:07:02,META,META,60m,no,2026-05-01 09:30,614.69,,,,,-0.549,-0.966,-0.675,-0.234,-0.967,-0.887,1.25,20,no 5m/15m (finer than bar)
telegram,AzazelNews (Telegram),986809,2026-04-30 17:07:02,RKLB,RKLB,60m,no,2026-05-01 09:30,83.53,,,,,-4.447,-4.865,-3.867,-3.426,-5.627,-5.546,0.69,20,no 5m/15m (finer than bar)
telegram,AzazelNews (Telegram),987029,2026-05-01 15:54:39,ACHR,ACHR,60m,yes,2026-05-04 09:30,5.86,,,,,-0.340,-0.551,-0.512,-1.071,-1.365,-1.136,0.91,20,no 5m/15m (finer than bar)
telegram,AzazelNews (Telegram),987029,2026-05-01 15:54:39,EVTL,EVTL,60m,yes,2026-05-04 09:30,2.39,,,,,4.603,4.391,0.209,-0.349,-1.255,-1.026,0.6,20,no 5m/15m (finer than bar)
telegram,AzazelNews (Telegram),987032,2026-05-01 15:56:35,NUCL,NUCL,60m,yes,2026-05-04 09:30,11.01,,,,,1.671,1.460,-9.083,-9.641,-0.091,0.139,0.59,20,no 5m/15m (finer than bar)
telegram,AzazelNews (Telegram),987037,2026-05-01 15:58:36,META,META,60m,yes,2026-05-04 09:30,607.935,,,,,-0.386,-0.597,-0.470,-1.028,0.428,0.658,1.04,20,no 5m/15m (finer than bar)
telegram,AzazelNews (Telegram),987266,2026-05-02 10:36:19,INTC,INTC,60m,no,2026-05-04 09:30,99.17,,,,,-0.938,-1.149,9.035,8.476,-3.433,-3.204,0.89,20,no 5m/15m (finer than bar)
telegram,AzazelNews (Telegram),988156,2026-05-04 15:21:03,META,META,60m,yes,2026-05-04 15:30,612.48,,,,,-0.317,-0.361,-1.208,-2.043,-0.317,-0.361,,,no 5m/15m (finer than bar); no volume baseline
telegram,AzazelNews (Telegram),988550,2026-05-05 16:42:55,ACHR,ACHR,60m,no,2026-05-06 09:30,5.98,,,,,3.595,3.340,5.017,4.550,7.107,6.337,1.85,20,no 5m/15m (finer than bar)
telegram,AzazelNews (Telegram),988554,2026-05-05 16:44:09,NVDA,NVDA,60m,no,2026-05-06 09:30,199.81,,,,,2.072,1.817,5.856,5.389,3.931,3.161,1.6,20,no 5m/15m (finer than bar)
telegram,AzazelNews (Telegram),988554,2026-05-05 16:44:09,OKLO,OKLO,60m,no,2026-05-06 09:30,71.21,,,,,1.362,1.107,0.878,0.411,11.796,11.026,1.03,20,no 5m/15m (finer than bar)
telegram,AzazelNews (Telegram),988557,2026-05-05 16:45:35,RKLB,RKLB,60m,no,2026-05-06 09:30,79.75,,,,,2.809,2.553,-1.442,-1.909,6.163,5.393,0.82,20,no 5m/15m (finer than bar)
telegram,AzazelNews (Telegram),988559,2026-05-05 16:46:06,NVDA,NVDA,60m,no,2026-05-06 09:30,199.81,,,,,2.072,1.817,5.856,5.389,3.931,3.161,1.6,20,no 5m/15m (finer than bar)
telegram,AzazelNews (Telegram),988559,2026-05-05 16:46:06,SMCI,SMCI,60m,no,2026-05-06 09:30,31.5,,,,,2.032,1.776,6.762,6.295,10.000,9.230,5.57,20,no 5m/15m (finer than bar)
telegram,AzazelNews (Telegram),988563,2026-05-05 16:54:01,JOBY,JOBY,60m,no,2026-05-06 09:30,8.87,,,,,12.063,11.808,12.740,12.273,18.489,17.719,2.86,20,no 5m/15m (finer than bar)
telegram,AzazelNews (Telegram),988874,2026-05-06 13:30:46,JOBY,JOBY,60m,yes,2026-05-06 14:30,10.4499,,,,,0.001,-0.111,-4.305,-4.103,0.575,0.475,3.23,20,no 5m/15m (finer than bar)
telegram,AzazelNews (Telegram),989115,2026-05-07 12:57:29,GEV,GEV,60m,yes,2026-05-07 13:30,1060.71,,,,,-1.051,-1.141,-1.952,-2.897,-1.373,-1.500,1.26,20,no 5m/15m (finer than bar)
telegram,AzazelNews (Telegram),989121,2026-05-07 12:59:09,PLTR,PLTR,60m,yes,2026-05-07 13:30,136.7998,,,,,0.439,0.348,0.731,-0.213,0.227,0.100,0.67,20,no 5m/15m (finer than bar)
telegram,AzazelNews (Telegram),989130,2026-05-07 13:02:55,IONQ,IONQ,60m,yes,2026-05-07 13:30,46.4,,,,,1.142,1.052,6.142,5.198,2.780,2.653,1.44,20,no 5m/15m (finer than bar)
telegram,AzazelNews (Telegram),989143,2026-05-07 13:06:51,NRC,NRC,60m,yes,2026-05-07 13:30,18.1,,,,,-0.912,-1.002,3.646,2.702,3.536,3.409,3.27,20,no 5m/15m (finer than bar)
telegram,AzazelNews (Telegram),989143,2026-05-07 13:06:51,OKLO,OKLO,60m,yes,2026-05-07 13:30,72.17,,,,,-0.145,-0.236,0.471,-0.473,-0.464,-0.592,0.93,20,no 5m/15m (finer than bar)
telegram,AzazelNews (Telegram),989143,2026-05-07 13:06:51,PDC,PDC,60m,yes,2026-05-07 13:30,8.01,,,,,1.623,1.533,1.623,0.679,0.874,0.747,0.25,20,no 5m/15m (finer than bar)
telegram,AzazelNews (Telegram),989146,2026-05-07 13:07:50,UUUU,UUUU,60m,yes,2026-05-07 13:30,23.5,,,,,0.195,0.105,-8.936,-9.881,-0.638,-0.766,1.04,20,no 5m/15m (finer than bar)
telegram,AzazelNews (Telegram),989147,2026-05-07 13:08:19,XE,XE,60m,yes,2026-05-07 13:30,29.3,,,,,0.751,0.661,3.106,2.161,2.184,2.057,0.38,9,no 5m/15m (finer than bar)
telegram,AzazelNews (Telegram),989571,2026-05-08 17:12:04,REA,REA,60m,no,2026-05-11 09:30,24.72,,,,,0.445,0.171,11.853,11.615,-2.508,-2.881,,,no 5m/15m (finer than bar); no volume baseline
telegram,AzazelNews (Telegram),989580,2026-05-08 17:14:04,SPCX,SPCX,,,,,,,,,,,,,,,,,no bar after post in served window
telegram,AzazelNews (Telegram),989596,2026-05-08 17:19:50,LMT,LMT,60m,no,2026-05-11 09:30,505.0,,,,,1.073,0.799,3.210,2.972,1.481,1.108,0.65,20,no 5m/15m (finer than bar)
telegram,AzazelNews (Telegram),990041,2026-05-10 16:38:34,LMT,LMT,60m,no,2026-05-11 09:30,505.0,,,,,1.073,0.799,3.210,2.972,1.481,1.108,0.65,20,no 5m/15m (finer than bar)
telegram,AzazelNews (Telegram),990041,2026-05-10 16:38:34,NOC,NOC,60m,no,2026-05-11 09:30,546.0,,,,,1.343,1.069,2.247,2.010,0.429,0.056,0.8,20,no 5m/15m (finer than bar)
telegram,AzazelNews (Telegram),990041,2026-05-10 16:38:34,RKLB,RKLB,60m,no,2026-05-11 09:30,105.32,,,,,8.745,8.471,11.622,11.384,11.460,11.087,2.23,20,no 5m/15m (finer than bar)
telegram,AzazelNews (Telegram),990041,2026-05-10 16:38:34,SPCX,SPCX,,,,,,,,,,,,,,,,,no bar after post in served window
telegram,AzazelNews (Telegram),990744,2026-05-12 15:41:29,ACHR,ACHR,60m,yes,2026-05-13 09:30,6.29,,,,,3.100,3.123,2.067,0.765,3.736,3.217,1.05,20,no 5m/15m (finer than bar)
telegram,AzazelNews (Telegram),990745,2026-05-12 15:42:12,DASH,DASH,60m,yes,2026-05-13 09:30,153.76,,,,,-1.301,-1.278,-0.045,-1.347,-3.102,-3.622,1.31,20,no 5m/15m (finer than bar)
telegram,AzazelNews (Telegram),990755,2026-05-12 16:04:17,LDOS,LDOS,60m,no,2026-05-13 09:30,126.62,,,,,-1.817,-1.794,-0.900,-2.202,-1.990,-2.510,2.48,20,no 5m/15m (finer than bar)
telegram,AzazelNews (Telegram),990757,2026-05-12 16:05:37,USAR,USAR,60m,no,2026-05-13 09:30,25.3,,,,,0.916,0.939,-1.779,-3.080,0.553,0.034,0.57,20,no 5m/15m (finer than bar)
telegram,AzazelNews (Telegram),990759,2026-05-12 16:06:12,RTX,RTX,60m,no,2026-05-13 09:30,177.77,,,,,0.135,0.157,-1.119,-2.421,0.219,-0.300,0.66,20,no 5m/15m (finer than bar)
telegram,AzazelNews (Telegram),990782,2026-05-12 16:34:55,USAR,USAR,60m,no,2026-05-13 09:30,25.3,,,,,0.916,0.939,-1.779,-3.080,0.553,0.034,0.57,20,no 5m/15m (finer than bar)
telegram,AzazelNews (Telegram),990797,2026-05-12 16:40:00,ACHR,ACHR,60m,no,2026-05-13 09:30,6.29,,,,,3.100,3.123,2.067,0.765,3.736,3.217,1.05,20,no 5m/15m (finer than bar)
telegram,AzazelNews (Telegram),990797,2026-05-12 16:40:00,JOBY,JOBY,60m,no,2026-05-13 09:30,10.33,,,,,2.904,2.926,3.049,1.748,7.164,6.644,0.61,20,no 5m/15m (finer than bar)
telegram,AzazelNews (Telegram),990804,2026-05-12 16:51:57,CETY,CETY,60m,no,2026-05-13 09:30,0.818,,,,,0.122,0.144,-8.313,-9.614,-7.090,-7.610,0.24,20,no 5m/15m (finer than bar)
telegram,AzazelNews (Telegram),990810,2026-05-12 16:54:50,NNE,NNE,60m,no,2026-05-13 09:30,27.6,,,,,-2.110,-2.088,-0.326,-1.627,-2.156,-2.675,0.56,20,no 5m/15m (finer than bar)
telegram,AzazelNews (Telegram),990810,2026-05-12 16:54:50,OKLO,OKLO,60m,no,2026-05-13 09:30,73.37,,,,,-5.070,-5.048,-8.396,-9.697,-5.077,-5.596,0.91,20,no 5m/15m (finer than bar)
telegram,AzazelNews (Telegram),991142,2026-05-13 15:01:30,ACHR,ACHR,60m,yes,2026-05-13 15:30,6.615,,,,,-1.361,-1.201,-2.948,-3.565,-1.361,-1.201,,,no 5m/15m (finer than bar); no volume baseline
telegram,AzazelNews (Telegram),991142,2026-05-13 15:01:30,JOBY,JOBY,60m,yes,2026-05-13 15:30,11.07,,,,,0.000,0.159,-3.839,-4.457,0.000,0.159,,,no 5m/15m (finer than bar); no volume baseline
telegram,AzazelNews (Telegram),1000573,2026-06-08 15:47:23,LASR,LASR,60m,yes,2026-06-09 09:30,68.6,,,,,-2.041,-1.715,-8.630,-6.182,-7.522,-6.638,0.46,20,no 5m/15m (finer than bar)
telegram,AzazelNews (Telegram),1000574,2026-06-08 15:47:33,RTX,RTX,60m,yes,2026-06-09 09:30,178.96,,,,,0.916,1.242,-0.880,1.567,1.509,2.392,0.83,20,no 5m/15m (finer than bar)
telegram,AzazelNews (Telegram),1000582,2026-06-08 15:50:37,RKLB,RKLB,60m,yes,2026-06-09 09:30,118.4,,,,,-6.512,-6.186,-11.284,-8.836,-8.606,-7.723,0.72,20,no 5m/15m (finer than bar)
telegram,AzazelNews (Telegram),1000593,2026-06-08 16:25:54,SPCX,SPCX,60m,no,2026-06-12 11:30,150.0,,,,,9.979,10.456,28.290,26.879,7.513,7.849,,,no 5m/15m (finer than bar); no volume baseline
telegram,AzazelNews (Telegram),1000594,2026-06-08 16:26:08,CCJ,CCJ,60m,no,2026-06-09 09:30,105.94,,,,,-1.874,-1.548,-10.289,-7.841,-3.474,-2.590,0.8,20,no 5m/15m (finer than bar)
telegram,AzazelNews (Telegram),1000598,2026-06-08 16:28:36,AREC,AREC,60m,no,2026-06-09 09:30,2.2,,,,,-2.273,-1.947,-6.136,-3.689,-3.182,-2.298,0.68,20,no 5m/15m (finer than bar)
telegram,AzazelNews (Telegram),1000604,2026-06-08 16:30:43,STI,STI,60m,no,2026-06-09 09:30,23.0,,,,,-2.696,-2.370,19.609,22.057,-11.000,-10.117,0.37,20,no 5m/15m (finer than bar)
telegram,AzazelNews (Telegram),1000613,2026-06-08 16:35:30,NNE,NNE,60m,no,2026-06-09 09:30,26.12,,,,,-4.709,-4.384,-15.333,-12.886,-8.384,-7.501,0.85,20,no 5m/15m (finer than bar)
telegram,AzazelNews (Telegram),1000621,2026-06-08 16:40:12,AMZN,AMZN,60m,no,2026-06-09 09:30,247.7,,,,,-0.153,0.172,-3.938,-1.491,-1.478,-0.594,0.84,20,no 5m/15m (finer than bar)
telegram,AzazelNews (Telegram),1001149,2026-06-09 16:21:28,BA,BA,60m,no,2026-06-10 09:30,213.065,,,,,-1.204,-1.730,3.978,3.398,-1.908,-0.823,0.68,20,no 5m/15m (finer than bar)
telegram,AzazelNews (Telegram),1001149,2026-06-09 16:21:28,TDG,TDG,60m,no,2026-06-10 09:30,1264.27,,,,,-1.465,-1.991,-0.493,-1.072,-4.107,-3.022,0.38,20,no 5m/15m (finer than bar)
telegram,AzazelNews (Telegram),1001422,2026-06-10 15:42:37,WOLF,WOLF,60m,yes,2026-06-11 09:30,43.98,,,,,-0.557,-0.565,-2.137,-3.907,3.433,2.215,0.34,20,no 5m/15m (finer than bar)
telegram,AzazelNews (Telegram),1001430,2026-06-10 15:47:52,UEC,UEC,60m,yes,2026-06-11 09:30,9.8,,,,,2.398,2.390,12.449,10.679,8.469,7.251,1.52,20,no 5m/15m (finer than bar)
telegram,AzazelNews (Telegram),1001431,2026-06-10 15:48:57,PLTR,PLTR,60m,yes,2026-06-11 09:30,128.79,,,,,0.621,0.614,-0.629,-2.399,1.732,0.513,0.53,20,no 5m/15m (finer than bar)
telegram,AzazelNews (Telegram),1001436,2026-06-10 15:50:49,RKLB,RKLB,60m,yes,2026-06-11 09:30,106.36,,,,,3.413,3.405,-3.704,-5.474,7.907,6.689,0.77,20,no 5m/15m (finer than bar)
telegram,AzazelNews (Telegram),1001453,2026-06-10 16:04:56,OKLO,OKLO,60m,no,2026-06-11 09:30,54.15,,,,,2.715,2.707,6.113,4.343,6.787,5.568,0.59,20,no 5m/15m (finer than bar)
telegram,AzazelNews (Telegram),1001465,2026-06-10 16:16:06,ACHR,ACHR,60m,no,2026-06-11 09:30,5.03,,,,,-0.497,-0.504,1.193,-0.577,5.368,4.149,0.91,20,no 5m/15m (finer than bar)
telegram,AzazelNews (Telegram),1001465,2026-06-10 16:16:06,EVTL,EVTL,60m,no,2026-06-11 09:30,2.12,,,,,-2.123,-2.130,1.415,-0.355,4.481,3.263,0.42,20,no 5m/15m (finer than bar)
telegram,AzazelNews (Telegram),1001478,2026-06-10 17:24:45,USAR,USAR,60m,no,2026-06-11 09:30,20.435,,,,,2.178,2.170,7.609,5.839,10.448,9.229,0.54,20,no 5m/15m (finer than bar)
telegram,AzazelNews (Telegram),1001489,2026-06-10 17:27:11,PLTR,PLTR,60m,no,2026-06-11 09:30,128.79,,,,,0.621,0.614,-0.629,-2.399,1.732,0.513,0.53,20,no 5m/15m (finer than bar)
telegram,AzazelNews (Telegram),1001494,2026-06-10 17:34:36,RKLB,RKLB,60m,no,2026-06-11 09:30,106.36,,,,,3.413,3.405,-3.704,-5.474,7.907,6.689,0.77,20,no 5m/15m (finer than bar)
telegram,AzazelNews (Telegram),1001501,2026-06-10 17:36:41,OKLO,OKLO,60m,no,2026-06-11 09:30,54.15,,,,,2.715,2.707,6.113,4.343,6.787,5.568,0.59,20,no 5m/15m (finer than bar)
telegram,AzazelNews (Telegram),1001948,2026-06-11 17:09:48,OKLO,OKLO,60m,no,2026-06-12 09:30,58.05,,,,,-0.069,0.082,4.617,2.733,-1.016,-1.144,0.48,20,no 5m/15m (finer than bar)
telegram,AzazelNews (Telegram),1001961,2026-06-11 17:19:48,GOOGL,GOOGL,60m,no,2026-06-12 09:30,362.62,,,,,-0.200,-0.049,1.845,-0.038,-0.814,-0.942,0.89,20,no 5m/15m (finer than bar)
telegram,AzazelNews (Telegram),1001961,2026-06-11 17:19:48,IONQ,IONQ,60m,no,2026-06-12 09:30,57.7,,,,,1.083,1.234,6.118,4.234,0.260,0.132,0.52,20,no 5m/15m (finer than bar)
telegram,AzazelNews (Telegram),1001961,2026-06-11 17:19:48,NVDA,NVDA,60m,no,2026-06-12 09:30,204.73,,,,,0.469,0.620,3.776,1.892,0.195,0.067,0.59,20,no 5m/15m (finer than bar)
telegram,AzazelNews (Telegram),1001961,2026-06-11 17:19:48,QUBT,QUBT,60m,no,2026-06-12 09:30,10.0,,,,,1.800,1.951,11.200,9.317,-0.700,-0.828,0.38,20,no 5m/15m (finer than bar)
telegram,AzazelNews (Telegram),1003968,2026-06-16 14:25:54,SPCX,SPCX,60m,yes,2026-06-16 14:30,212.87,,,,,-4.143,-4.021,-9.710,-8.220,-5.106,-4.868,,,no 5m/15m (finer than bar); no volume baseline
telegram,AzazelNews (Telegram),1004025,2026-06-16 17:51:56,UUUU,UUUU,60m,no,2026-06-17 09:30,15.6,,,,,0.897,0.844,6.218,6.843,-1.987,-0.608,0.65,20,no 5m/15m (finer than bar)
telegram,AzazelNews (Telegram),1004035,2026-06-16 17:59:26,PLTR,PLTR,60m,no,2026-06-17 09:30,131.845,,,,,1.881,1.828,-2.545,-1.919,-0.899,0.480,0.73,20,no 5m/15m (finer than bar)
telegram,AzazelNews (Telegram),1004044,2026-06-16 18:05:27,SRGXF,SRGXF,60m,no,2026-06-17 11:30,0.4624,,,,,0.000,-0.100,-7.007,-6.551,-1.600,-0.390,0.15,20,no 5m/15m (finer than bar)
telegram,AzazelNews (Telegram),1004052,2026-06-16 18:07:55,XE,XE,60m,no,2026-06-17 09:30,21.24,,,,,4.849,4.796,1.365,1.991,7.768,9.147,0.63,20,no 5m/15m (finer than bar)
telegram,AzazelNews (Telegram),1004053,2026-06-16 18:08:12,BHE,BHE,60m,no,2026-06-17 09:30,91.63,,,,,-1.921,-1.974,0.513,1.139,-0.644,0.735,0.7,20,no 5m/15m (finer than bar)
telegram,AzazelNews (Telegram),1004053,2026-06-16 18:08:12,OUST,OUST,60m,no,2026-06-17 09:30,44.41,,,,,-2.049,-2.102,4.841,5.467,-8.286,-6.907,0.71,20,no 5m/15m (finer than bar)
telegram,AzazelNews (Telegram),1004057,2026-06-16 18:09:35,OKLO,OKLO,60m,no,2026-06-17 09:30,57.02,,,,,4.709,4.656,7.471,8.097,3.209,4.588,0.6,20,no 5m/15m (finer than bar)
telegram,AzazelNews (Telegram),1004057,2026-06-16 18:09:35,STDN,STDN,,,,,,,,,,,,,,,,,no bar after post in served window
telegram,AzazelNews (Telegram),1004065,2026-06-16 18:12:21,OKLO,OKLO,60m,no,2026-06-17 09:30,57.02,,,,,4.709,4.656,7.471,8.097,3.209,4.588,0.6,20,no 5m/15m (finer than bar)
telegram,AzazelNews (Telegram),1004067,2026-06-16 18:13:37,IONQ,IONQ,60m,no,2026-06-17 09:30,56.9,,,,,-1.002,-1.055,-0.650,-0.025,-3.849,-2.470,0.47,20,no 5m/15m (finer than bar)
telegram,AzazelNews (Telegram),1004067,2026-06-16 18:13:37,QBTS,QBTS,60m,no,2026-06-17 09:30,24.145,,,,,-0.269,-0.322,2.257,2.882,-5.011,-3.632,0.43,20,no 5m/15m (finer than bar)
telegram,AzazelNews (Telegram),1004067,2026-06-16 18:13:37,QNT,QNT,60m,no,2026-06-17 09:30,55.76,,,,,9.846,9.793,24.731,25.357,12.177,13.556,0.48,9,no 5m/15m (finer than bar)
telegram,AzazelNews (Telegram),1004067,2026-06-16 18:13:37,QUBT,QUBT,60m,no,2026-06-17 09:30,10.325,,,,,-0.581,-0.634,4.019,4.645,-5.472,-4.093,0.37,20,no 5m/15m (finer than bar)
telegram,AzazelNews (Telegram),1004067,2026-06-16 18:13:37,RGTI,RGTI,60m,no,2026-06-17 09:30,20.95,,,,,-0.191,-0.244,1.909,2.535,-3.389,-2.010,0.31,20,no 5m/15m (finer than bar)
telegram,AzazelNews (Telegram),1004075,2026-06-16 18:35:32,GEV,GEV,60m,no,2026-06-17 09:30,997.4,,,,,2.389,2.336,11.254,11.880,5.191,6.571,0.98,20,no 5m/15m (finer than bar)
telegram,AzazelNews (Telegram),1004084,2026-06-16 19:02:59,GEV,GEV,60m,no,2026-06-17 09:30,997.4,,,,,2.389,2.336,11.254,11.880,5.191,6.571,0.98,20,no 5m/15m (finer than bar)
telegram,AzazelNews (Telegram),1004098,2026-06-16 19:09:00,TSLA,TSLA,60m,no,2026-06-17 09:30,401.53,,,,,0.037,-0.016,-0.274,0.352,-1.298,0.082,0.73,20,no 5m/15m (finer than bar)
telegram,AzazelNews (Telegram),1004768,2026-06-18 02:08:55,NYT,NYT,60m,no,2026-06-18 09:30,74.16,,,,,-1.362,-1.042,-2.805,-2.353,-1.510,-1.354,1.3,20,no 5m/15m (finer than bar)
telegram,AzazelNews (Telegram),1004786,2026-06-18 02:22:58,MAMO,MAMO,60m,no,2026-06-18 09:30,0.9751,,,,,0.195,0.514,-0.431,0.021,-1.538,-1.382,0.16,20,no 5m/15m (finer than bar)
telegram,AzazelNews (Telegram),1004911,2026-06-18 17:11:30,USAR,USAR,60m,no,2026-06-22 09:30,25.0,,,,,-2.480,-2.321,-8.400,-6.524,-3.600,-3.156,1.21,20,no 5m/15m (finer than bar)
telegram,AzazelNews (Telegram),1005248,2026-06-19 14:34:02,QS,QS,60m,no,2026-06-22 09:30,7.86,,,,,1.972,2.131,-5.598,-3.722,-3.301,-2.857,1.66,20,no 5m/15m (finer than bar)
telegram,AzazelNews (Telegram),1005257,2026-06-19 14:37:25,RKLB,RKLB,60m,no,2026-06-22 09:30,106.99,,,,,-9.440,-9.281,-11.123,-9.246,-6.290,-5.846,1.06,20,no 5m/15m (finer than bar)
telegram,AzazelNews (Telegram),1005280,2026-06-19 14:43:57,FISN,FISN,60m,no,2026-06-22 09:30,13.61,,,,,8.817,8.976,-9.258,-7.381,-8.964,-8.520,,,no 5m/15m (finer than bar); no volume baseline
telegram,AzazelNews (Telegram),1005283,2026-06-19 14:45:13,ASTS,ASTS,60m,no,2026-06-22 09:30,79.664,,,,,-7.309,-7.149,-8.541,-6.665,-8.183,-7.739,0.89,20,no 5m/15m (finer than bar)
telegram,AzazelNews (Telegram),1005287,2026-06-19 14:46:50,CETY,CETY,60m,no,2026-06-22 09:30,0.8241,,,,,3.749,3.909,3.022,4.898,6.407,6.851,1.44,20,no 5m/15m (finer than bar)
telegram,AzazelNews (Telegram),1005287,2026-06-19 14:46:50,SMR,SMR,60m,no,2026-06-22 09:30,11.22,,,,,2.407,2.567,-3.387,-1.510,0.045,0.489,1.01,20,no 5m/15m (finer than bar)
telegram,AzazelNews (Telegram),1005559,2026-06-20 09:59:23,INTC,INTC,60m,no,2026-06-22 09:30,139.205,,,,,-0.262,-0.103,-4.975,-3.098,1.189,1.633,0.98,20,no 5m/15m (finer than bar)
telegram,AzazelNews (Telegram),1006383,2026-06-22 13:43:17,WLDS,WLDS,60m,yes,2026-06-22 14:30,1.72,,,,,0.058,0.290,7.849,9.387,1.744,1.845,0.03,20,no 5m/15m (finer than bar)
telegram,AzazelNews (Telegram),1006403,2026-06-22 13:51:12,BA,BA,60m,yes,2026-06-22 14:30,221.16,,,,,0.090,0.322,-1.990,-0.452,-0.145,-0.044,0.65,20,no 5m/15m (finer than bar)
telegram,AzazelNews (Telegram),1006403,2026-06-22 13:51:12,LHX,LHX,60m,yes,2026-06-22 14:30,285.445,,,,,-0.233,-0.002,2.913,4.451,0.131,0.232,2.46,20,no 5m/15m (finer than bar)
telegram,AzazelNews (Telegram),1006412,2026-06-22 13:54:05,NNE,NNE,60m,yes,2026-06-22 14:30,26.5294,,,,,-1.807,-1.576,-10.024,-8.486,-3.390,-3.289,0.67,20,no 5m/15m (finer than bar)
telegram,AzazelNews (Telegram),1006432,2026-06-22 14:01:46,BA,BA,60m,yes,2026-06-22 14:30,221.16,,,,,0.090,0.322,-1.990,-0.452,-0.145,-0.044,0.65,20,no 5m/15m (finer than bar)
telegram,AzazelNews (Telegram),1006437,2026-06-22 14:03:27,AVAV,AVAV,60m,yes,2026-06-22 14:30,152.925,,,,,-1.370,-1.139,-2.521,-0.983,-1.056,-0.955,1.84,20,no 5m/15m (finer than bar)
telegram,AzazelNews (Telegram),1006459,2026-06-22 14:12:20,RIVN,RIVN,60m,yes,2026-06-22 14:30,15.37,,,,,-0.846,-0.614,-3.090,-1.552,-1.887,-1.786,0.73,20,no 5m/15m (finer than bar)
telegram,AzazelNews (Telegram),1006502,2026-06-22 14:43:25,STDN,STDN,,,,,,,,,,,,,,,,,no bar after post in served window
telegram,AzazelNews (Telegram),1006508,2026-06-22 14:49:43,GOOGL,GOOGL,60m,yes,2026-06-22 15:30,349.46,,,,,0.009,-0.122,-0.956,0.354,0.009,-0.122,,,no 5m/15m (finer than bar); no volume baseline
telegram,AzazelNews (Telegram),1006508,2026-06-22 14:49:43,SPCX,SPCX,60m,yes,2026-06-22 15:30,158.7601,,,,,-2.627,-2.758,-1.701,-0.391,-2.627,-2.758,,,no 5m/15m (finer than bar); no volume baseline
telegram,AzazelNews (Telegram),1006514,2026-06-22 14:59:33,LEU,LEU,60m,yes,2026-06-22 15:30,182.6575,,,,,0.560,0.429,-2.829,-1.520,0.560,0.429,,,no 5m/15m (finer than bar); no volume baseline
telegram,AzazelNews (Telegram),1006514,2026-06-22 14:59:33,OKLO,OKLO,60m,yes,2026-06-22 15:30,58.51,,,,,-0.256,-0.388,-2.307,-0.998,-0.256,-0.388,,,no 5m/15m (finer than bar); no volume baseline
telegram,AzazelNews (Telegram),1006522,2026-06-22 15:05:52,SPCX,SPCX,60m,yes,2026-06-22 15:30,158.7601,,,,,-2.627,-2.758,-1.701,-0.391,-2.627,-2.758,,,no 5m/15m (finer than bar); no volume baseline
telegram,AzazelNews (Telegram),1007011,2026-06-23 18:40:00,CLPS,CLPS,60m,no,2026-06-24 09:30,0.97,,,,,-3.093,-3.272,-3.093,-2.834,-2.062,-1.778,1.49,20,no 5m/15m (finer than bar)
telegram,AzazelNews (Telegram),1007309,2026-06-24 16:14:37,OKLO,OKLO,60m,no,2026-06-25 09:30,55.56,,,,,-4.878,-4.413,-9.971,-8.641,-8.189,-7.426,0.65,20,no 5m/15m (finer than bar)
telegram,AzazelNews (Telegram),1007623,2026-06-25 01:09:17,GOOGL,GOOGL,60m,no,2026-06-25 09:30,336.72,,,,,1.045,1.510,-0.184,1.146,2.031,2.795,1.28,20,no 5m/15m (finer than bar)
telegram,AzazelNews (Telegram),1007812,2026-06-25 15:38:14,CCJ,CCJ,60m,yes,2026-06-26 09:30,102.52,,,,,2.643,2.020,0.888,-0.746,1.873,1.854,0.85,20,no 5m/15m (finer than bar)
telegram,AzazelNews (Telegram),1007824,2026-06-25 15:41:43,OKLO,OKLO,60m,yes,2026-06-26 09:30,50.0,,,,,1.170,0.546,5.520,3.887,0.040,0.021,0.58,20,no 5m/15m (finer than bar)
telegram,AzazelNews (Telegram),1007832,2026-06-25 15:43:48,GEV,GEV,60m,yes,2026-06-26 09:30,1049.275,,,,,2.346,1.722,4.971,3.337,-0.606,-0.624,0.71,20,no 5m/15m (finer than bar)
telegram,AzazelNews (Telegram),1008195,2026-06-26 14:54:49,OKLO,OKLO,60m,yes,2026-06-26 15:30,50.1,,,,,-0.160,0.266,5.309,4.128,-0.160,0.266,,,no 5m/15m (finer than bar); no volume baseline
telegram,AzazelNews (Telegram),1008214,2026-06-26 15:07:50,AMZN,AMZN,60m,yes,2026-06-26 15:30,228.19,,,,,1.034,1.460,5.228,4.047,1.034,1.460,,,no 5m/15m (finer than bar); no volume baseline
telegram,AzazelNews (Telegram),1008223,2026-06-26 15:11:01,PLTR,PLTR,60m,yes,2026-06-26 15:30,112.83,,,,,0.000,0.426,2.517,1.336,0.000,0.426,,,no 5m/15m (finer than bar); no volume baseline
telegram,AzazelNews (Telegram),1008228,2026-06-26 15:12:29,ABSI,ABSI,60m,yes,2026-06-26 15:30,10.5,,,,,3.714,4.140,8.000,6.819,3.714,4.140,,,no 5m/15m (finer than bar); no volume baseline
telegram,AzazelNews (Telegram),1008228,2026-06-26 15:12:29,LLY,LLY,60m,yes,2026-06-26 15:30,1208.64,,,,,-0.180,0.246,1.689,0.507,-0.180,0.246,,,no 5m/15m (finer than bar); no volume baseline
telegram,AzazelNews (Telegram),1008239,2026-06-26 15:17:57,MSFT,MSFT,60m,yes,2026-06-26 15:30,370.04,,,,,0.357,0.783,-0.416,-1.598,0.357,0.783,,,no 5m/15m (finer than bar); no volume baseline
telegram,AzazelNews (Telegram),1008266,2026-06-26 15:36:37,LMT,LMT,60m,yes,2026-06-29 09:30,508.5,,,,,-0.396,-0.334,0.108,-1.243,-1.302,-1.889,0.5,20,no 5m/15m (finer than bar)
telegram,AzazelNews (Telegram),1008266,2026-06-26 15:36:37,RKLB,RKLB,60m,yes,2026-06-29 09:30,91.42,,,,,1.050,1.112,11.114,9.762,7.219,6.632,1.85,20,no 5m/15m (finer than bar)
telegram,AzazelNews (Telegram),1008266,2026-06-26 15:36:37,SPCX,SPCX,60m,yes,2026-06-29 09:30,158.5,,,,,-2.953,-2.891,7.710,6.358,3.470,2.883,0.36,9,no 5m/15m (finer than bar)
telegram,AzazelNews (Telegram),1019138,2026-07-21 14:17:39,GLXY,GLXY,60m,yes,2026-07-21 14:30,25.57,,,,,0.508,0.503,-3.090,-2.971,-0.626,-0.640,1.17,20,no 5m/15m (finer than bar)
telegram,AzazelNews (Telegram),1019142,2026-07-21 14:20:13,PLTR,PLTR,60m,yes,2026-07-21 14:30,133.0,,,,,-0.053,-0.058,-6.331,-6.212,-0.286,-0.300,0.37,20,no 5m/15m (finer than bar)
telegram,AzazelNews (Telegram),1019145,2026-07-21 14:21:56,PLTR,PLTR,60m,yes,2026-07-21 14:30,133.0,,,,,-0.053,-0.058,-6.331,-6.212,-0.286,-0.300,0.37,20,no 5m/15m (finer than bar)
telegram,AzazelNews (Telegram),1019184,2026-07-21 15:54:48,SIDU,SIDU,60m,yes,2026-07-22 09:30,2.0,,,,,3.500,3.409,-1.500,-0.368,-1.000,-1.095,0.99,20,no 5m/15m (finer than bar)
telegram,AzazelNews (Telegram),1019586,2026-07-22 19:28:22,ACHR,ACHR,60m,no,2026-07-23 09:30,5.1,,,,,2.869,2.810,-6.471,-6.402,0.196,0.358,1.04,20,no 5m/15m (finer than bar)
telegram,AzazelNews (Telegram),1020240,2026-07-24 16:41:49,BAM,BAM,60m,no,2026-07-27 09:30,47.15,,,,,0.636,1.522,1.951,2.508,0.848,1.639,1.3,20,no 5m/15m (finer than bar)
telegram,AzazelNews (Telegram),1020271,2026-07-24 19:35:30,NNE,NNE,60m,no,2026-07-27 09:30,16.26,,,,,2.128,3.013,-1.107,-0.550,3.290,4.081,1.43,20,no 5m/15m (finer than bar)
telegram,AzazelNews (Telegram),1020536,2026-07-25 10:57:35,INTC,INTC,60m,no,2026-07-27 09:30,92.46,,,,,-4.332,-3.446,-6.662,-6.105,-0.844,-0.053,1.2,20,no 5m/15m (finer than bar)
telegram,AzazelNews (Telegram),1020967,2026-07-26 20:44:45,AMTM,AMTM,60m,no,2026-07-27 09:30,22.58,,,,,0.930,1.815,3.875,4.432,1.329,2.119,0.77,20,no 5m/15m (finer than bar)
telegram,AzazelNews (Telegram),1020979,2026-07-26 20:50:43,FTRKF,FTRKF,60m,no,2026-07-27 09:30,9.716,,,,,-5.023,-4.137,-11.713,-10.745,-5.023,-4.137,0.01,20,no 5m/15m (finer than bar)
telegram,AzazelNews (Telegram),1020979,2026-07-26 20:50:43,OKLO,OKLO,60m,no,2026-07-27 09:30,40.8,,,,,0.221,1.106,-2.941,-2.384,2.549,3.340,0.96,20,no 5m/15m (finer than bar)
telegram,AzazelNews (Telegram),1020982,2026-07-26 20:52:12,RHM.DE,RHM.DE,60m,no,2026-07-27 03:00,1046.0,,,,,-0.382,,3.231,,0.803,,,,no 5m/15m (finer than bar); SPY not trading at base; no volume baseline
telegram,AzazelNews (Telegram),1020986,2026-07-26 20:53:32,LMT,LMT,60m,no,2026-07-27 09:30,581.88,,,,,-0.021,0.865,-0.095,0.463,-0.321,0.469,1.08,20,no 5m/15m (finer than bar)
telegram,AzazelNews (Telegram),1020988,2026-07-26 20:54:15,NOC,NOC,60m,no,2026-07-27 09:30,542.44,,,,,1.279,2.165,1.252,1.809,0.940,1.731,0.5,20,no 5m/15m (finer than bar)
telegram,AzazelNews (Telegram),1020988,2026-07-26 20:54:15,SPCX,SPCX,60m,no,2026-07-27 09:30,113.325,,,,,-3.184,-2.299,2.793,3.350,0.287,1.077,1.2,20,no 5m/15m (finer than bar)
telegram,AzazelNews (Telegram),1022039,2026-07-28 18:38:48,KO,KO,60m,no,2026-07-29 09:30,88.65,,,,,2.245,2.927,-0.147,-0.384,0.530,1.940,1.69,20,no 5m/15m (finer than bar)
telegram,AzazelNews (Telegram),1022428,2026-07-29 16:33:43,META,META,60m,no,2026-07-30 09:30,525.74,,,,,1.069,0.726,5.851,4.389,2.534,1.762,3.23,20,no 5m/15m (finer than bar)
telegram,AzazelNews (Telegram),1022439,2026-07-29 17:15:10,SPCX,SPCX,60m,no,2026-07-30 09:30,115.09,,,,,2.468,2.124,-5.787,-7.249,-2.450,-3.222,0.93,20,no 5m/15m (finer than bar)
telegram,AzazelNews (Telegram),1022439,2026-07-29 17:15:10,TSLA,TSLA,60m,no,2026-07-30 09:30,302.885,,,,,2.058,1.715,2.719,1.257,1.983,1.211,0.99,20,no 5m/15m (finer than bar)
telegram,AzazelNews (Telegram),1022450,2026-07-29 17:38:20,OKLO,OKLO,60m,no,2026-07-30 09:30,38.15,,,,,7.877,7.533,1.809,0.347,7.785,7.013,1.19,20,no 5m/15m (finer than bar)
telegram,AzazelNews (Telegram),1022452,2026-07-29 17:39:17,AMZN,AMZN,60m,no,2026-07-30 09:30,233.25,,,,,1.741,1.397,16.446,14.984,1.192,0.420,2.96,20,no 5m/15m (finer than bar)
telegram,AzazelNews (Telegram),1022452,2026-07-29 17:39:17,SPCX,SPCX,60m,no,2026-07-30 09:30,115.09,,,,,2.468,2.124,-5.787,-7.249,-2.450,-3.222,0.93,20,no 5m/15m (finer than bar)
telegram,AzazelNews (Telegram),1022460,2026-07-29 17:44:14,NEE,NEE,60m,no,2026-07-30 09:30,88.9,,,,,-1.384,-1.727,-2.227,-3.689,-1.074,-1.846,1.28,20,no 5m/15m (finer than bar)
telegram,AzazelNews (Telegram),1023235,2026-08-01 10:12:13,INTC,INTC,60m,no,2026-08-03 09:30,86.69,,,,,3.190,2.514,16.328,13.414,4.972,3.873,0.89,20,no 5m/15m (finer than bar)
telegram,AzazelNews (Telegram),1024455,2026-08-04 16:51:41,NVDA,NVDA,5m,no,2026-08-05 09:30,216.86,0.696,0.651,1.402,1.321,1.784,1.921,0.982,1.926,1.079,1.867,,,no volume baseline
telegram,AzazelNews (Telegram),1024455,2026-08-04 16:51:41,SPCX,SPCX,5m,no,2026-08-05 09:30,112.37,-2.233,-2.279,0.125,0.044,3.595,3.733,2.261,3.204,-3.635,-2.848,,,no volume baseline
telegram,AzazelNews (Telegram),1024980,2026-08-05 17:44:52,BA.L,BA.L,5m,no,2026-08-06 03:00,2172.0,0.184,,1.059,,0.783,,1.934,,1.289,,,,SPY not trading at base; no volume baseline
telegram,AzazelNews (Telegram),1025216,2026-08-06 12:59:07,LMT,LMT,5m,yes,2026-08-06 13:00,582.63,-0.167,-0.138,-0.195,-0.088,-0.161,-0.114,0.908,0.371,0.036,0.096,,,no volume baseline
telegram,AzazelNews (Telegram),1025217,2026-08-06 12:59:34,SPCX,SPCX,5m,yes,2026-08-06 13:00,110.6114,-0.607,-0.578,0.989,1.095,-0.408,-0.361,20.332,19.795,3.887,3.946,,,no volume baseline
telegram,AzazelNews (Telegram),1025240,2026-08-06 13:14:24,TBI,TBI,5m,yes,2026-08-06 13:15,10.26,0.000,-0.026,0.292,0.333,-0.390,-0.525,-0.390,-1.038,-0.585,-0.636,,,no volume baseline
telegram,AzazelNews (Telegram),1025244,2026-08-06 13:20:48,FISN,FISN,5m,yes,2026-08-06 13:30,9.2,0.539,0.504,0.651,0.611,-0.109,-0.317,-2.174,-2.863,0.435,0.344,,,no volume baseline
telegram,AzazelNews (Telegram),1025256,2026-08-06 15:45:51,FISN,FISN,5m,yes,2026-08-06 15:50,9.24,-0.433,-0.460,-0.216,-0.613,-4.491,-4.933,-2.597,-3.208,0.000,-0.013,,,no volume baseline
telegram,AzazelNews (Telegram),1025258,2026-08-06 15:48:31,FISN,FISN,5m,yes,2026-08-06 15:50,9.24,-0.433,-0.460,-0.216,-0.613,-4.491,-4.933,-2.597,-3.208,0.000,-0.013,,,no volume baseline
telegram,AzazelNews (Telegram),1025259,2026-08-06 15:51:11,FISN,FISN,5m,yes,2026-08-06 15:55,9.21,0.326,0.337,-2.389,-2.715,-2.714,-3.159,-2.280,-2.866,0.326,0.337,,,no volume baseline
telegram,AzazelNews (Telegram),1025266,2026-08-06 15:59:30,FISN,FISN,5m,yes,2026-08-07 09:30,9.35,-1.390,-1.450,-3.850,-3.976,-5.080,-5.362,-14.973,-15.239,-3.743,-4.016,,,no volume baseline
telegram,AzazelNews (Telegram),1025469,2026-08-07 13:09:26,MP,MP,5m,yes,2026-08-07 13:10,52.32,0.344,0.370,0.229,0.276,0.745,0.774,4.453,4.348,-2.275,-2.386,,,no volume baseline
telegram,AzazelNews (Telegram),1025475,2026-08-07 13:10:15,INTC,INTC,5m,yes,2026-08-07 13:15,100.8999,0.387,0.354,0.198,0.194,0.228,0.290,-3.332,-3.464,0.743,0.606,,,no volume baseline
telegram,AzazelNews (Telegram),1025475,2026-08-07 13:10:15,IONQ,IONQ,5m,yes,2026-08-07 13:15,43.04,0.418,0.386,0.256,0.251,1.115,1.177,-1.220,-1.351,3.253,3.115,,,no volume baseline
telegram,AzazelNews (Telegram),1025475,2026-08-07 13:10:15,LAC,LAC,5m,yes,2026-08-07 13:15,3.185,0.000,-0.032,0.126,0.121,0.000,0.062,2.198,2.066,1.099,0.961,,,no volume baseline
telegram,AzazelNews (Telegram),1025475,2026-08-07 13:10:15,MP,MP,5m,yes,2026-08-07 13:15,52.505,-0.067,-0.099,0.048,0.043,-0.124,-0.062,4.085,3.954,-2.619,-2.757,,,no volume baseline
telegram,AzazelNews (Telegram),1025475,2026-08-07 13:10:15,QBTS,QBTS,5m,yes,2026-08-07 13:15,20.21,0.272,0.240,-0.099,-0.103,0.693,0.755,-0.050,-0.181,2.623,2.485,,,no volume baseline
telegram,AzazelNews (Telegram),1025475,2026-08-07 13:10:15,QUBT,QUBT,5m,yes,2026-08-07 13:15,8.975,0.339,0.306,0.111,0.107,0.446,0.508,-0.223,-0.354,2.173,2.035,,,no volume baseline
telegram,AzazelNews (Telegram),1025475,2026-08-07 13:10:15,RGTI,RGTI,5m,yes,2026-08-07 13:15,17.16,0.291,0.259,0.058,0.054,0.728,0.791,2.914,2.782,4.487,4.349,,,no volume baseline
telegram,AzazelNews (Telegram),1025475,2026-08-07 13:10:15,TMQ,TMQ,5m,yes,2026-08-07 13:15,3.77,0.133,0.100,0.236,0.232,-0.265,-0.203,2.785,2.654,1.061,0.923,,,no volume baseline
telegram,AzazelNews (Telegram),1025476,2026-08-07 13:10:33,OKLO,OKLO,5m,yes,2026-08-07 13:15,48.18,0.218,0.185,-0.374,-0.378,0.415,0.477,-7.617,-7.749,0.560,0.422,,,no volume baseline
telegram,AzazelNews (Telegram),1025476,2026-08-07 13:10:33,XE,XE,5m,yes,2026-08-07 13:15,22.23,0.270,0.237,-0.270,-0.274,0.382,0.445,-7.197,-7.329,2.024,1.886,,,no volume baseline
telegram,AzazelNews (Telegram),1025479,2026-08-07 13:10:48,MT,MT,5m,yes,2026-08-07 13:15,72.71,0.007,-0.025,-0.041,-0.046,-0.220,-0.158,1.595,1.464,0.798,0.660,,,no volume baseline
telegram,AzazelNews (Telegram),1025480,2026-08-07 13:10:56,MP,MP,5m,yes,2026-08-07 13:15,52.505,-0.067,-0.099,0.048,0.043,-0.124,-0.062,4.085,3.954,-2.619,-2.757,,,no volume baseline
telegram,AzazelNews (Telegram),1025481,2026-08-07 13:11:00,MP,MP,5m,yes,2026-08-07 13:15,52.505,-0.067,-0.099,0.048,0.043,-0.124,-0.062,4.085,3.954,-2.619,-2.757,,,no volume baseline
telegram,AzazelNews (Telegram),1025482,2026-08-07 13:11:05,LAC,LAC,5m,yes,2026-08-07 13:15,3.185,0.000,-0.032,0.126,0.121,0.000,0.062,2.198,2.066,1.099,0.961,,,no volume baseline
telegram,AzazelNews (Telegram),1025482,2026-08-07 13:11:05,MP,MP,5m,yes,2026-08-07 13:15,52.505,-0.067,-0.099,0.048,0.043,-0.124,-0.062,4.085,3.954,-2.619,-2.757,,,no volume baseline
telegram,AzazelNews (Telegram),1025482,2026-08-07 13:11:05,USAR,USAR,5m,yes,2026-08-07 13:15,19.2,0.182,0.150,-0.052,-0.057,0.078,0.140,-0.885,-1.017,0.677,0.539,,,no volume baseline
telegram,AzazelNews (Telegram),1025483,2026-08-07 13:11:09,MP,MP,5m,yes,2026-08-07 13:15,52.505,-0.067,-0.099,0.048,0.043,-0.124,-0.062,4.085,3.954,-2.619,-2.757,,,no volume baseline
telegram,AzazelNews (Telegram),1025484,2026-08-07 13:11:14,MP,MP,5m,yes,2026-08-07 13:15,52.505,-0.067,-0.099,0.048,0.043,-0.124,-0.062,4.085,3.954,-2.619,-2.757,,,no volume baseline
telegram,AzazelNews (Telegram),1025485,2026-08-07 13:11:25,MP,MP,5m,yes,2026-08-07 13:15,52.505,-0.067,-0.099,0.048,0.043,-0.124,-0.062,4.085,3.954,-2.619,-2.757,,,no volume baseline
telegram,AzazelNews (Telegram),1025486,2026-08-07 13:11:29,MP,MP,5m,yes,2026-08-07 13:15,52.505,-0.067,-0.099,0.048,0.043,-0.124,-0.062,4.085,3.954,-2.619,-2.757,,,no volume baseline
telegram,AzazelNews (Telegram),1025488,2026-08-07 13:12:27,MP,MP,5m,yes,2026-08-07 13:15,52.505,-0.067,-0.099,0.048,0.043,-0.124,-0.062,4.085,3.954,-2.619,-2.757,,,no volume baseline
telegram,AzazelNews (Telegram),1025505,2026-08-07 14:47:19,OKLO,OKLO,5m,yes,2026-08-07 14:50,48.4401,-0.207,-0.216,0.526,0.422,-0.589,-0.799,-8.113,-8.349,0.020,-0.222,,,no volume baseline
telegram,AzazelNews (Telegram),1025507,2026-08-07 14:53:17,NOK,NOK,5m,yes,2026-08-07 14:55,9.345,0.000,-0.049,0.428,0.257,0.107,-0.090,-2.354,-2.580,0.268,0.035,,,no volume baseline
telegram,AzazelNews (Telegram),1025507,2026-08-07 14:53:17,NVDA,NVDA,5m,yes,2026-08-07 14:55,222.28,-0.004,-0.054,0.151,-0.020,0.502,0.305,-2.123,-2.349,0.765,0.533,,,no volume baseline
telegram,AzazelNews (Telegram),1025530,2026-08-07 15:18:24,MRCY,MRCY,5m,yes,2026-08-07 15:20,109.57,0.100,0.095,-0.100,-0.082,-0.233,-0.268,-0.876,-0.903,-0.703,-0.736,,,no volume baseline
telegram,AzazelNews (Telegram),1025530,2026-08-07 15:18:24,PLTR,PLTR,5m,yes,2026-08-07 15:20,170.62,0.138,0.133,0.088,0.106,3.592,3.557,2.696,2.669,0.809,0.775,,,no volume baseline
telegram,AzazelNews (Telegram),1025533,2026-08-07 15:35:21,LEU,LEU,5m,yes,2026-08-07 15:40,189.995,-0.003,0.043,0.624,0.633,0.963,0.820,-0.350,-0.369,0.708,0.682,,,no volume baseline
telegram,AzazelNews (Telegram),1025533,2026-08-07 15:35:21,XE,XE,5m,yes,2026-08-07 15:40,22.6,-0.044,0.001,0.531,0.540,-6.106,-6.249,-8.717,-8.736,0.354,0.328,,,no volume baseline
telegram,AzazelNews (Telegram),1025546,2026-08-07 16:20:42,AVAV,AVAV,5m,no,2026-08-10 09:30,186.0,-1.409,-1.414,-2.003,-2.010,0.454,0.227,5.328,5.602,1.696,1.635,,,no volume baseline
telegram,AzazelNews (Telegram),1026056,2026-08-09 12:25:04,RKLB,RKLB,5m,no,2026-08-10 09:30,84.04,0.071,0.066,-0.196,-0.204,-0.678,-0.905,-4.819,-4.545,-4.575,-4.636,,,no volume baseline
telegram,AzazelNews (Telegram),1026085,2026-08-09 13:35:31,ACHR,ACHR,5m,no,2026-08-10 09:30,6.31,-0.475,-0.481,4.200,4.192,5.071,4.844,7.449,7.723,-0.872,-0.932,,,no volume baseline
telegram,AzazelNews (Telegram),1026085,2026-08-09 13:35:31,STT,STT,5m,no,2026-08-10 09:30,184.12,0.505,0.500,1.298,1.290,0.657,0.430,1.667,1.942,1.390,1.330,,,no volume baseline
telegram,AzazelNews (Telegram),1026093,2026-08-09 16:02:43,ONDS,ONDS,5m,no,2026-08-10 09:30,9.48,-1.899,-1.904,-0.950,-0.958,-0.749,-0.976,2.827,3.101,-1.899,-1.960,,,no volume baseline
telegram,AzazelNews (Telegram),1026096,2026-08-09 16:04:01,FTRKF,FTRKF,5m,no,2026-08-10 09:30,5.8,15.897,15.891,4.931,4.871,-65.190,-64.430,5.207,5.094,15.897,15.891,,,no volume baseline
telegram,AzazelNews (Telegram),1026353,2026-08-10 09:32:43,BA,BA,5m,yes,2026-08-10 09:35,232.93,-0.137,-0.159,-0.030,-0.095,0.949,0.725,0.124,0.403,-0.051,-0.108,,,no volume baseline
telegram,AzazelNews (Telegram),1026358,2026-08-10 10:48:59,ACHR,ACHR,5m,yes,2026-08-10 10:50,6.511,0.061,0.197,-0.338,-0.180,-2.319,-2.141,4.131,4.706,-3.932,-3.692,,,no volume baseline
telegram,AzazelNews (Telegram),1026358,2026-08-10 10:48:59,BA,BA,5m,yes,2026-08-10 10:50,235.81,-0.085,0.051,0.171,0.328,-0.066,0.112,-1.098,-0.524,-1.272,-1.032,,,no volume baseline
telegram,AzazelNews (Telegram),1026359,2026-08-10 10:49:26,ACHR,ACHR,5m,yes,2026-08-10 10:50,6.511,0.061,0.197,-0.338,-0.180,-2.319,-2.141,4.131,4.706,-3.932,-3.692,,,no volume baseline
telegram,AzazelNews (Telegram),1026359,2026-08-10 10:49:26,BA,BA,5m,yes,2026-08-10 10:50,235.81,-0.085,0.051,0.171,0.328,-0.066,0.112,-1.098,-0.524,-1.272,-1.032,,,no volume baseline
telegram,AzazelNews (Telegram),1026360,2026-08-10 10:49:52,ACHR,ACHR,5m,yes,2026-08-10 10:50,6.511,0.061,0.197,-0.338,-0.180,-2.319,-2.141,4.131,4.706,-3.932,-3.692,,,no volume baseline
telegram,AzazelNews (Telegram),1026360,2026-08-10 10:49:52,BA,BA,5m,yes,2026-08-10 10:50,235.81,-0.085,0.051,0.171,0.328,-0.066,0.112,-1.098,-0.524,-1.272,-1.032,,,no volume baseline
telegram,AzazelNews (Telegram),1026361,2026-08-10 10:50:18,ACHR,ACHR,5m,yes,2026-08-10 10:55,6.515,-0.536,-0.492,-1.119,-1.084,-3.223,-3.270,4.067,4.503,-3.991,-3.890,,,no volume baseline
telegram,AzazelNews (Telegram),1026361,2026-08-10 10:50:18,BA,BA,5m,yes,2026-08-10 10:55,235.45,0.055,0.099,0.132,0.167,0.066,0.019,-0.947,-0.512,-1.121,-1.020,,,no volume baseline
telegram,AzazelNews (Telegram),1035224,2026-09-04 17:24:34,UUUU,UUUU,1m,no,2026-09-08 09:30,14.59,-0.178,-0.144,1.634,1.865,2.387,2.695,-0.343,0.526,0.185,0.586,0.9,20,
telegram,AzazelNews (Telegram),1036322,2026-09-08 16:58:55,GOOGL,GOOGL,1m,no,2026-09-09 09:30,331.69,-0.690,-0.696,-0.766,-0.723,-0.244,-0.231,0.295,1.107,-0.317,-0.095,2.66,20,
telegram,AzazelNews (Telegram),1036336,2026-09-08 17:53:18,GOOGL,GOOGL,1m,no,2026-09-09 09:30,331.69,-0.690,-0.696,-0.766,-0.723,-0.244,-0.231,0.295,1.107,-0.317,-0.095,2.66,20,
telegram,AzazelNews (Telegram),1036346,2026-09-08 18:01:41,CEG,CEG,1m,no,2026-09-09 09:30,295.93,0.372,0.366,-0.443,-0.400,0.520,0.533,-3.366,-2.554,-0.659,-0.438,0.82,20,
telegram,AzazelNews (Telegram),1036346,2026-09-08 18:01:41,VST,VST,1m,no,2026-09-09 09:30,150.0,0.820,0.815,-0.023,0.020,0.730,0.743,-1.947,-1.135,0.760,0.981,1.16,20,
telegram,AzazelNews (Telegram),1036745,2026-09-09 11:42:00,AAPL,AAPL,1m,yes,2026-09-09 11:42,313.095,0.061,0.070,0.024,0.045,0.254,0.234,4.312,4.874,0.739,0.710,1.32,20,
telegram,AzazelNews (Telegram),1036790,2026-09-09 16:27:00,CCJ,CCJ,1m,no,2026-09-10 09:30,98.33,0.231,0.267,0.214,0.199,0.636,0.546,-1.678,-2.489,-0.895,-0.875,0.57,20,
telegram,AzazelNews (Telegram),1036794,2026-09-09 16:30:20,ISRG,ISRG,1m,no,2026-09-10 09:30,348.2,0.507,0.542,1.284,1.269,3.742,3.652,6.169,5.358,3.521,3.541,1.6,20,
telegram,AzazelNews (Telegram),1036801,2026-09-09 16:36:41,PLTR,PLTR,1m,no,2026-09-10 09:30,167.36,-0.759,-0.723,-0.881,-0.896,0.179,0.090,-0.090,-0.901,-0.896,-0.876,0.78,20,
telegram,AzazelNews (Telegram),1036836,2026-09-09 20:21:49,LMT,LMT,1m,no,2026-09-10 09:30,526.01,-0.162,-0.126,-0.048,-0.062,0.376,0.287,-0.397,-1.209,0.757,0.776,3.08,20,
telegram,AzazelNews (Telegram),1036837,2026-09-09 20:21:57,USAR,USAR,1m,no,2026-09-10 09:30,16.95,-1.032,-0.997,-1.209,-1.224,-2.271,-2.361,-8.171,-8.982,-5.310,-5.290,1.5,20,
telegram,AzazelNews (Telegram),1036841,2026-09-09 20:23:12,LMT,LMT,1m,no,2026-09-10 09:30,526.01,-0.162,-0.126,-0.048,-0.062,0.376,0.287,-0.397,-1.209,0.757,0.776,3.08,20,
telegram,AzazelNews (Telegram),1036846,2026-09-09 20:30:47,LMT,LMT,1m,no,2026-09-10 09:30,526.01,-0.162,-0.126,-0.048,-0.062,0.376,0.287,-0.397,-1.209,0.757,0.776,3.08,20,
telegram,AzazelNews (Telegram),1039330,2026-09-16 15:24:59,PUSA,PUSA,1m,yes,2026-09-16 15:25,3.47,-0.576,-0.652,0.288,0.057,2.305,0.927,5.187,3.590,-0.288,-0.739,0.81,20,
telegram,AzazelNews (Telegram),1039335,2026-09-16 15:31:54,PUSA,PUSA,1m,yes,2026-09-16 15:34,3.48,0.000,0.009,-0.575,-0.765,2.011,0.871,4.885,3.472,-0.575,-0.843,0.44,20,
telegram,AzazelNews (Telegram),1039354,2026-09-16 16:24:57,PUSA,PUSA,1m,no,2026-09-17 09:30,3.5194,1.438,1.671,0.870,1.160,1.460,1.654,-1.119,-0.920,3.711,3.772,0.59,20,
telegram,AzazelNews (Telegram),1039354,2026-09-16 16:24:57,UMAC,UMAC,1m,no,2026-09-17 09:30,22.68,2.293,2.526,4.321,4.612,4.497,4.691,2.205,2.404,5.525,5.586,1.47,20,
telegram,AzazelNews (Telegram),1039368,2026-09-16 18:26:32,NOC,NOC,1m,no,2026-09-17 09:30,530.21,0.197,0.430,0.498,0.789,-0.536,-0.342,-0.558,-0.359,-1.171,-1.110,0.51,20,
telegram,AzazelNews (Telegram),1039389,2026-09-16 19:24:11,PLTR,PLTR,1m,no,2026-09-17 09:30,175.76,-0.956,-0.723,0.472,0.763,0.819,1.013,1.001,1.201,0.239,0.301,0.97,20,
telegram,AzazelNews (Telegram),1039395,2026-09-16 19:27:49,SMR,SMR,1m,no,2026-09-17 09:30,8.545,0.936,1.169,2.633,2.924,3.160,3.353,-3.218,-3.019,6.144,6.205,1.11,20,
telegram,AzazelNews (Telegram),1039397,2026-09-16 19:29:27,PLTR,PLTR,1m,no,2026-09-17 09:30,175.76,-0.956,-0.723,0.472,0.763,0.819,1.013,1.001,1.201,0.239,0.301,0.97,20,
telegram,AzazelNews (Telegram),1039404,2026-09-16 19:46:57,OKLO,OKLO,1m,no,2026-09-17 09:30,36.98,0.027,0.260,1.974,2.265,3.395,3.588,2.785,2.985,7.193,7.255,1.31,20,
telegram,AzazelNews (Telegram),1039404,2026-09-16 19:46:57,SMR,SMR,1m,no,2026-09-17 09:30,8.545,0.936,1.169,2.633,2.924,3.160,3.353,-3.218,-3.019,6.144,6.205,1.11,20,
telegram,AzazelNews (Telegram),1039857,2026-09-17 20:11:39,XE,XE,1m,no,2026-09-18 09:30,16.28,-1.044,-1.014,-2.334,-2.283,-4.208,-3.949,0.676,-0.928,-2.948,-2.990,0.61,20,
telegram,AzazelNews (Telegram),1039859,2026-09-17 20:13:33,AMZN,AMZN,1m,no,2026-09-18 09:30,252.86,-0.065,-0.035,-0.071,-0.020,-0.083,0.176,2.203,0.599,0.257,0.215,3.37,20,
telegram,AzazelNews (Telegram),1039859,2026-09-17 20:13:33,GNRC,GNRC,1m,no,2026-09-18 09:30,209.52,-0.449,-0.418,-0.258,-0.206,-2.425,-2.166,-2.157,-3.761,-0.907,-0.949,2.99,20,
telegram,AzazelNews (Telegram),1041554,2026-09-22 15:42:00,005930.KS,005930.KS,1m,no,2026-09-22 20:00,284500.0,0.000,,0.000,,-0.439,,-4.569,,-0.088,,1.68,20,SPY not trading at base
telegram,AzazelNews (Telegram),1041554,2026-09-22 15:42:00,GOOGL,GOOGL,1m,yes,2026-09-22 15:42,352.78,-0.201,-0.206,-0.473,-0.388,-3.115,-2.493,-4.229,-3.363,-0.452,-0.317,1.25,20,
telegram,AzazelNews (Telegram),1041583,2026-09-22 16:02:09,NVDA,NVDA,1m,no,2026-09-23 09:30,228.08,0.219,0.263,0.292,0.405,-1.085,-0.577,-1.552,-0.834,-1.127,-0.478,0.48,20,
telegram,AzazelNews (Telegram),1041964,2026-09-23 15:58:11,GRML,GRML,1m,yes,2026-09-23 15:59,10.99,12.829,13.192,17.015,17.383,42.584,42.760,35.305,35.334,1.865,1.824,,,no volume baseline
telegram,AzazelNews (Telegram),1041976,2026-09-23 16:20:14,NVT,NVT,1m,no,2026-09-24 09:30,159.5,-0.599,-0.682,-0.307,-0.384,0.006,-0.252,3.097,2.150,2.107,1.691,0.75,20,
telegram,AzazelNews (Telegram),1041992,2026-09-23 16:32:13,ROAD,ROAD,1m,no,2026-09-24 09:30,93.09,-0.978,-1.061,-1.601,-1.677,-0.591,-0.849,0.720,-0.227,-3.459,-3.874,0.54,20,
telegram,AzazelNews (Telegram),1041995,2026-09-23 16:42:06,GOOGL,GOOGL,1m,no,2026-09-24 09:30,336.235,0.375,0.292,0.379,0.303,0.906,0.647,2.262,1.315,1.839,1.424,0.99,20,
telegram,AzazelNews (Telegram),1041995,2026-09-23 16:42:06,GPJA,GPJA,1m,no,2026-09-24 09:30,18.91,0.000,-0.083,0.000,-0.077,0.476,0.217,0.555,-0.392,0.846,0.431,1.53,20,
telegram,AzazelNews (Telegram),1042280,2026-09-24 13:50:11,USAR,USAR,1m,yes,2026-09-24 13:51,15.415,-0.227,-0.198,-0.714,-0.617,-0.649,-0.799,-1.557,-2.162,-0.162,-0.238,1.11,20,
telegram,AzazelNews (Telegram),1042284,2026-09-24 13:53:55,BA.L,BA.L,1m,no,2026-09-25 03:00,1985.0,-0.252,,-0.126,,-0.277,,-0.831,,-0.605,,1.11,20,SPY not trading at base
telegram,AzazelNews (Telegram),1042286,2026-09-24 13:54:51,LEU,LEU,1m,yes,2026-09-24 13:56,148.2175,0.143,0.100,-0.106,-0.138,-0.242,-0.436,-0.754,-1.388,-0.579,-0.683,0.78,20,
telegram,AzazelNews (Telegram),1042291,2026-09-24 15:24:47,ACHR,ACHR,1m,yes,2026-09-24 15:25,5.685,-0.264,-0.233,0.176,0.182,0.528,0.231,-1.143,-1.598,0.528,0.602,1.07,20,
telegram,AzazelNews (Telegram),1042291,2026-09-24 15:24:47,BA,BA,1m,yes,2026-09-24 15:25,196.47,-0.020,0.010,0.183,0.189,0.903,0.606,0.835,0.380,0.117,0.191,1.29,20,
telegram,AzazelNews (Telegram),1042298,2026-09-24 15:28:16,PLTR,PLTR,1m,yes,2026-09-24 15:29,192.54,0.070,0.080,-0.132,-0.134,-0.130,-0.403,-1.496,-1.971,0.036,0.090,0.51,20,
telegram,AzazelNews (Telegram),1042660,2026-09-25 15:18:54,FRVO,FRVO,1m,yes,2026-09-25 15:19,15.19,-0.625,-0.570,0.033,0.104,-2.855,-2.482,-7.143,-6.432,-0.099,-0.140,2.06,20,
telegram,AzazelNews (Telegram),1044574,2026-09-30 15:24:53,NVTS,NVTS,1m,yes,2026-09-30 15:25,11.62,-0.043,-0.046,0.129,0.173,-0.947,-0.613,4.260,4.560,-0.043,0.463,1.99,20,
telegram,AzazelNews (Telegram),1045466,2026-10-02 16:41:48,NNE,NNE,,,,,,,,,,,,,,,,,no session yet after post
telegram,AzazelNews (Telegram),1045467,2026-10-02 16:42:22,PLTR,PLTR,,,,,,,,,,,,,,,,,no session yet after post
